{
    "Category": "Ballistic",
    "Type": "Autocannon",
    "WeaponSubType": "UAC5",
    "MinRange": 90,
    "MaxRange": 540,
    "RangeSplit": [
        360,
        360,
        540
    ],
    "AmmoCategory": "AC5",
    "StartingAmmoCapacity": 0,
    "HeatGenerated": 16.0,
    "Damage": 24.0,
    "OverheatedDamageMultiplier": 0,
    "EvasiveDamageMultiplier": 0,
    "EvasivePipsIgnored": 0,
    "DamageVariance": 0,
    "HeatDamage": 0.0,
    "AccuracyModifier": 0,
    "CriticalChanceMultiplier": 1.0,
    "AOECapable": false,
    "IndirectFireCapable": false,
    "RefireModifier": 4,
    "ShotsWhenFired": 4,
    "ProjectilesPerShot": 1,
    "AttackRecoil": 2,
    "Instability": 7.0,
    "WeaponEffectID": "WeaponEffect-Weapon_AC5_Ultra",
    "Description": {
        "Cost": 220000,
        "Rarity": 2,
        "Purchasable": true,
        "Manufacturer": "Mydron",
        "Model": "Tactical Autocannon",
        "UIName": "UAC/5",
        "Id": "Weapon_Autocannon_UAC5_0-STOCK",
        "Name": "UAC/5",
        "Details": "Retaining the perfomance niche of the standard model, Ultra AC/5s are a serious force to be reckoned with. Like all Ultra Autocannon weaponry, UAC/5s suffer from substantial recoil effects from firing and consume four ammo per attack.",
        "Icon": "uixSvgIcon_weapon_Ballistic"
    },
    "BonusValueA": "",
    "BonusValueB": "",
    "ComponentType": "Weapon",
    "ComponentSubType": "Weapon",
    "PrefabIdentifier": "uac5",
    "InventorySize": 4,
    "Tonnage": 10.0,
    "AllowedLocations": "All",
    "DisallowedLocations": "All",
    "StructureDamage": 0.0,
    "CriticalComponent": false,
    "statusEffects": [],
    "ComponentTags": {
        "items": [
            "component_type_stock",
            "range_very-long",
            "TechLevel_MidTech"
        ],
        "tagSetSourceFile": ""
    },
    "FireDelayMultiplier": 2,
    "ImprovedBallistic": true,
    "HitGenerator": "Individual"
}