{
    "Category": "Missile",
    "Type": "LRM",
    "WeaponSubType": "LRM15",
    "MinRange": 180,
    "MaxRange": 630,
    "RangeSplit": [
        420,
        420,
        630
    ],
    "StartingAmmoCapacity": 0,
    "HeatGenerated": 11.0,
    "Damage": 4.0,
    "OverheatedDamageMultiplier": 0,
    "EvasiveDamageMultiplier": 0,
    "EvasivePipsIgnored": 0,
    "DamageVariance": 0,
    "HeatDamage": 0.0,
    "AccuracyModifier": 0,
    "CriticalChanceMultiplier": 1.5,
    "AOECapable": false,
    "IndirectFireCapable": true,
    "RefireModifier": 0,
    "ShotsWhenFired": 15,
    "ProjectilesPerShot": 1,
    "AttackRecoil": 1,
    "Instability": 2.0,
    "WeaponEffectID": "WeaponEffect-Weapon_LRM15",
    "Description": {
        "Cost": 4400000,
        "Rarity": 5,
        "Purchasable": true,
        "Manufacturer": "LongFire",
        "Model": "Long-Range Missile Launcher",
        "UIName": "LRM15 + +",
        "Id": "Weapon_LRM_LRM15_2-LongFire",
        "Name": "LRM15 + +",
        "Details": "LRM15 Long-Range Missile racks deal substantial damage and stability impact over distance, often found in pairs on indirect-fire support units. Like all LRMs, LRM15s are capable of indirect fire over obstacles and terrain with the benefit of a spotter unit.",
        "Icon": "uixSvgIcon_weapon_Missile"
    },
    "BonusValueA": "+ 50% Crit.",
    "BonusValueB": "",
    "ComponentType": "Weapon",
    "ComponentSubType": "Weapon",
    "PrefabIdentifier": "lrm15",
    "BattleValue": 0,
    "InventorySize": 3,
    "Tonnage": 7.5,
    "AllowedLocations": "All",
    "DisallowedLocations": "All",
    "StructureDamage": 0.0,
    "CriticalComponent": false,
    "statusEffects": [],
    "ComponentTags": {
        "items": [
            "component_type_variant",
            "component_type_variant2",
            "TechLevel_LowTech",
            "range_extreme"
        ],
        "tagSetSourceFile": ""
    },
    "ammoCategoryID": "LRM"
}