{
    "Category": "Energy",
    "Type": "Laser",
    "WeaponSubType": "MediumLaserPulse",
    "MinRange": 0,
    "MaxRange": 270,
    "RangeSplit": [
        180,
        180,
        270
    ],
    "StartingAmmoCapacity": 0,
    "HeatGenerated": 13.0,
    "Damage": 9.0,
    "OverheatedDamageMultiplier": 0,
    "EvasiveDamageMultiplier": 0,
    "EvasivePipsIgnored": 0,
    "DamageVariance": 0,
    "HeatDamage": 0.5,
    "AccuracyModifier": -2,
    "CriticalChanceMultiplier": 1.0,
    "AOECapable": false,
    "IndirectFireCapable": false,
    "RefireModifier": 0,
    "ShotsWhenFired": 3,
    "ProjectilesPerShot": 1,
    "AttackRecoil": 1,
    "Instability": 0.0,
    "WeaponEffectID": "WeaponEffect-Weapon_LaserPulse_Medium",
    "Description": {
        "Cost": 80000,
        "Rarity": 2,
        "Purchasable": true,
        "Manufacturer": "SCI",
        "Model": "Medium Pulse Laser",
        "UIName": "M Pulse",
        "Id": "Weapon_Laser_MediumLaserPulse_0-STOCK",
        "Name": "M Pulse",
        "Details": "An improvement upon standard Medium Lasers, Medium Pulse Lasers use pulses of light instead of a single beam. This results in better accuracy and damage output but with increased heat and weight. Like all Lasers, Medium Pulse Lasers enjoy a baseline accuracy bonus over other weapons.",
        "Icon": "uixSvgIcon_weapon_Energy"
    },
    "BonusValueA": "",
    "BonusValueB": "",
    "ComponentType": "Weapon",
    "ComponentSubType": "Weapon",
    "PrefabIdentifier": "Laser",
    "BattleValue": 0,
    "InventorySize": 1,
    "Tonnage": 1.5,
    "AllowedLocations": "All",
    "DisallowedLocations": "All",
    "StructureDamage": 0.0,
    "CriticalComponent": false,
    "statusEffects": [],
    "ComponentTags": {
        "items": [
            "component_type_stock",
            "TechLevel_MidTech",
            "range_standard"
        ],
        "tagSetSourceFile": ""
    },
    "FireDelayMultiplier": 0.01,
    "ImprovedBallistic": true,
    "ProjectileSpeedMultiplier": 0.5,
    "ColorChangeRule": "Linear",
    "HitGenerator": "Streak",
    "ColorsTable": [
        {
            "C": "#008080",
            "I": 5
        }
    ],
    "ammoCategoryID": "NotSet"
}
