{
    "Category": "Energy",
    "Type": "Laser",
    "WeaponSubType": "LargeLaser",
    "MinRange": 0,
    "MaxRange": 450,
    "RangeSplit": [
        300,
        300,
        450
    ],
    "StartingAmmoCapacity": 0,
    "HeatGenerated": 40.0,
    "Damage": 47.0,
    "OverheatedDamageMultiplier": 0,
    "EvasiveDamageMultiplier": 0,
    "EvasivePipsIgnored": 2,
    "DamageVariance": 0,
    "HeatDamage": 4.0,
    "AccuracyModifier": 0,
    "CriticalChanceMultiplier": 1.0,
    "AOECapable": false,
    "IndirectFireCapable": false,
    "RefireModifier": 0,
    "ShotsWhenFired": 2,
    "ProjectilesPerShot": 1,
    "AttackRecoil": 1,
    "Instability": 0.0,
    "WeaponEffectID": "WeaponEffect-Weapon_Laser_Large",
    "Description": {
        "Cost": 4000000,
        "Rarity": 6,
        "Purchasable": true,
        "Manufacturer": "Omicron",
        "Model": "Binary Laser Cannon",
        "UIName": "B Laser + + +",
        "Id": "Weapon_Laser_BinaryLaserCannon_3-Omicron",
        "Name": "B Laser + + +",
        "Details": "Considered a dead end technology, Binary Laser (nicknamed 'Blazers') fused two Large Laser cores together, allowing them to be fired together.  While this increased damage, the tonnage ended up being higher than two Large Lasers separately. Modifications to the laser tracking systems allow consecutive shots to be fired with improved accuracy.",
        "Icon": "uixSvgIcon_weapon_Energy"
    },
    "BonusValueA": "+ 2 Ev.Pips.Ignored |+ 2 Dmg.",
    "BonusValueB": "+2 Heat",
    "ComponentType": "Weapon",
    "ComponentSubType": "Weapon",
    "PrefabIdentifier": "Laser",
    "BattleValue": 0,
    "InventorySize": 4,
    "Tonnage": 9.0,
    "AllowedLocations": "All",
    "DisallowedLocations": "All",
    "CriticalComponent": false,
    "statusEffects": [],
    "ComponentTags": {
        "items": [
            "component_type_variant",
            "component_type_variant3",
            "TechLevel_HighTech",
            "range_long"
        ],
        "tagSetSourceFile": ""
    },
    "ImprovedBallistic": true,
    "ColorChangeRule": "Linear",
    "AmmoCategoryID": "NotSet",
    "ColorsTable": [
        {
            "C": "#1569C7",
            "I": 5
        }
    ]
}
