{
    "Category": "Missile",
    "Type": "LRM",
    "WeaponSubType": "LRM20",
    "MinRange": 180,
    "MaxRange": 630,
    "RangeSplit": [
        420,
        420,
        630
    ],
    "StartingAmmoCapacity": 0,
    "HeatGenerated": 15.0,
    "Damage": 4.0,
    "OverheatedDamageMultiplier": 0,
    "EvasiveDamageMultiplier": 0,
    "EvasivePipsIgnored": 0,
    "DamageVariance": 0,
    "HeatDamage": 0.0,
    "AccuracyModifier": -2,
    "CriticalChanceMultiplier": 1.0,
    "AOECapable": false,
    "IndirectFireCapable": true,
    "RefireModifier": 0,
    "ShotsWhenFired": 20,
    "ProjectilesPerShot": 1,
    "AttackRecoil": 1,
    "Instability": 1.75,
    "WeaponEffectID": "WeaponEffect-Weapon_LRM20",
    "Description": {
        "Cost": 5800000,
        "Rarity": 6,
        "Purchasable": true,
        "Manufacturer": "Telos",
        "Model": "Long-Range Missile Launcher",
        "UIName": "LRM20 + + +",
        "Id": "Weapon_LRM_LRM20_3-Telos",
        "Name": "LRM20 + + +",
        "Details": "Often found as the secondary weapon on heavier units, LRM20 racks of Long-Range Missiles can deal decent damage while a unit closes range, but they chew through ammunition. Like all LRMs, LRM20s are capable of indirect fire over obstacles and terrain with the benefit of a spotter unit.",
        "Icon": "uixSvgIcon_weapon_Missile"
    },
    "BonusValueA": "+ 2 Acc. |- 0.7 Tons",
    "BonusValueB": "- 0.25 Stb.Dmg.",
    "ComponentType": "Weapon",
    "ComponentSubType": "Weapon",
    "PrefabIdentifier": "lrm20",
    "BattleValue": 0,
    "InventorySize": 4,
    "Tonnage": 9.3,
    "AllowedLocations": "All",
    "DisallowedLocations": "All",
    "StructureDamage": 0.0,
    "CriticalComponent": false,
    "statusEffects": [],
    "ComponentTags": {
        "items": [
            "component_type_variant",
            "component_type_variant3",
            "TechLevel_LowTech",
            "range_extreme"
        ],
        "tagSetSourceFile": ""
    },
    "ammoCategoryID": "LRM"
}