{
    "Category": "Ballistic",
    "Type": "Autocannon",
    "WeaponSubType": "LB5X",
    "MinRange": 90,
    "MaxRange": 540,
    "RangeSplit": [
        360,
        360,
        540
    ],
    "StartingAmmoCapacity": 0,
    "HeatGenerated": 9.0,
    "Damage": 78,
    "OverheatedDamageMultiplier": 0,
    "EvasiveDamageMultiplier": 0,
    "EvasivePipsIgnored": 0,
    "DamageVariance": 0,
    "HeatDamage": 0.0,
    "AccuracyModifier": 0,
    "CriticalChanceMultiplier": 1.25,
    "AOECapable": false,
    "IndirectFireCapable": false,
    "RefireModifier": 1,
    "ShotsWhenFired": 1,
    "ProjectilesPerShot": 12,
    "AttackRecoil": 2,
    "Instability": 22.0,
    "WeaponEffectID": "WeaponEffect-Weapon_LB5X",
    "Description": {
        "Cost": 170000,
        "Rarity": 2,
        "Purchasable": true,
        "Manufacturer": "GM",
        "Model": "Tactical Cluster Cannon",
        "UIName": "LB 5-X",
        "Id": "Weapon_Autocannon_LB5X_0-STOCK",
        "Name": "LB 5-X",
        "Details": "The LB 5-X is ideal for battering lighter targets with its shogtun-like hits, which deal substantially more stability damage than the weapon's standard counterpart. Like all LB-X Autocannons, the LB 5-X fires cluster munitions and suffers recoil from continuous fire.<color=#ffcc00><b>\r\n\r\n-Each shot breaks into 11 separate projectiles.\r\n-Projectiles either all hit or all miss.\r\n-Projectiles do 6 damage each.</b></color>",
        "Icon": "uixSvgIcon_weapon_Ballistic"
    },
    "BonusValueA": "",
    "BonusValueB": "",
    "ComponentType": "Weapon",
    "ComponentSubType": "Weapon",
    "PrefabIdentifier": "lbx10",
    "InventorySize": 5,
    "Tonnage": 7.5,
    "AllowedLocations": "All",
    "DisallowedLocations": "All",
    "StructureDamage": 0.0,
    "CriticalComponent": false,
    "statusEffects": [],
    "ComponentTags": {
        "items": [
            "component_type_stock",
            "range_very-long",
            "TechLevel_HighTech"
        ],
        "tagSetSourceFile": ""
    },
    "ImprovedBallistic": true,
    "DamageNotDivided": false,
    "HasShells": false,
    "VolleyDivisor": 1,
    "HitGenerator": "Cluster",
    "BallisticDamagePerPallet": true,
    "ammoCategoryID": "LB5X"
}