{
    "Category": "Energy",
    "Type": "PPC",
    "WeaponSubType": "PPCSnub",
    "MinRange": 0,
    "MaxRange": 360,
    "RangeSplit": [
        270,
        270,
        360
    ],
    "StartingAmmoCapacity": 0,
    "HeatGenerated": 32.0,
    "Damage": 75.0,
    "OverheatedDamageMultiplier": 0,
    "EvasiveDamageMultiplier": 0,
    "EvasivePipsIgnored": 0,
    "DamageVariance": 0,
    "HeatDamage": 0.0,
    "AccuracyModifier": 0,
    "CriticalChanceMultiplier": 1.25,
    "AOECapable": false,
    "IndirectFireCapable": false,
    "RefireModifier": 0,
    "ShotsWhenFired": 1,
    "ProjectilesPerShot": 5,
    "AttackRecoil": 1,
    "Instability": 30.0,
    "WeaponEffectID": "WeaponEffect-Weapon_PPC",
    "Description": {
        "Cost": 260000,
        "Rarity": 2,
        "Purchasable": true,
        "Manufacturer": "Fusigon",
        "Model": "Particle Cluster Cannon",
        "UIName": "Snub PPC",
        "Id": "Weapon_PPC_PPCSnub_0-STOCK",
        "Name": "Snub PPC",
        "Details": "A unique modification of a standard Particle Projector Cannon, the Snub PPC utilizes the same energy acceleration, but with a shortened range and a cluster of smaller projectiles. Like the standard model, Snub PPC shots impart a debilitating EM effect that degrades the firing capability of their target.<color=#ffcc00><b>\n\nEach shot breaks into 5 separate projectiles\nProjectiles either all hit or all miss\nProjectiles do 15 damage each.</b></color>",
        "Icon": "uixSvgIcon_weapon_Energy"
    },
    "BonusValueA": "",
    "BonusValueB": "",
    "ComponentType": "Weapon",
    "ComponentSubType": "Weapon",
    "PrefabIdentifier": "PPC",
    "InventorySize": 2,
    "Tonnage": 5.0,
    "AllowedLocations": "All",
    "DisallowedLocations": "All",
    "StructureDamage": 0.0,
    "CriticalComponent": false,
    "statusEffects": [
        {
            "durationData": {
                "duration": 1,
                "ticksOnActivations": true,
                "useActivationsOfTarget": true,
                "ticksOnEndOfRound": false,
                "ticksOnMovements": false,
                "stackLimit": 0,
                "clearedWhenAttacked": false
            },
            "targetingData": {
                "effectTriggerType": "OnHit",
                "triggerLimit": 0,
                "extendDurationOnTrigger": 0,
                "specialRules": "NotSet",
                "effectTargetType": "NotSet",
                "range": 0,
                "forcePathRebuild": false,
                "forceVisRebuild": false,
                "showInTargetPreview": true,
                "showInStatusPanel": true
            },
            "effectType": "StatisticEffect",
            "Description": {
                "Id": "AbilityDefPPC",
                "Name": "SENSORS IMPAIRED",
                "Details": "+[AMT] Difficulty to all of this unit's attacks until its next activation.",
                "Icon": "uixSvgIcon_status_sensorsImpaired"
            },
            "nature": "Debuff",
            "statisticData": {
                "appliesEachTick": false,
                "effectsPersistAfterDestruction": false,
                "statName": "AccuracyModifier",
                "operation": "Float_Add",
                "modValue": "1.0",
                "modType": "System.Single",
                "additionalRules": "NotSet",
                "targetCollection": "NotSet",
                "targetWeaponCategory": "NotSet",
                "targetWeaponType": "NotSet",
                "targetAmmoCategory": "NotSet",
                "targetWeaponSubType": "NotSet"
            },
            "tagData": null,
            "floatieData": null,
            "actorBurningData": null,
            "vfxData": null,
            "instantModData": null,
            "poorlyMaintainedEffectData": null
        }
    ],
    "ComponentTags": {
        "items": [
            "component_type_stock",
            "range_standard",
            "TechLevel_HighTech"
        ],
        "tagSetSourceFile": ""
    },
    "ImprovedBallistic": true,
    "DamageNotDivided": false,
    "HasShells": false,
    "VolleyDivisor": 1,
    "HitGenerator": "Streak",
    "ProjectileScale": {
        "x": 0.2,
        "y": 0.2,
        "z": 0.2
    },
    "BallisticDamagePerPallet": true,
    "ammoCategoryID": "NotSet"
}