{
    "Category": "Energy",
    "Type": "PPC",
    "WeaponSubType": "PPC",
    "MinRange": 90,
    "MaxRange": 540,
    "RangeSplit": [
        360,
        360,
        540
    ],
    "StartingAmmoCapacity": 0,
    "HeatGenerated": 32.0,
    "Damage": 58.0,
    "OverheatedDamageMultiplier": 0,
    "EvasiveDamageMultiplier": 0,
    "EvasivePipsIgnored": 0,
    "DamageVariance": 0,
    "HeatDamage": 0.0,
    "AccuracyModifier": -2,
    "CriticalChanceMultiplier": 1.0,
    "AOECapable": false,
    "IndirectFireCapable": false,
    "RefireModifier": 0,
    "ShotsWhenFired": 1,
    "ProjectilesPerShot": 1,
    "AttackRecoil": 3,
    "Instability": 20.0,
    "WeaponEffectID": "WeaponEffect-Weapon_PPC",
    "Description": {
        "Cost": 1800000,
        "Rarity": 5,
        "Purchasable": true,
        "Manufacturer": "Tiegart",
        "Model": "Particle Projector Cannon",
        "UIName": "PPC + +",
        "Id": "Weapon_PPC_PPC_2-Tiegart",
        "Name": "PPC + +",
        "Details": "Particle Projector Cannons (PPCs) fire streams of energized lightning at their target that deal substantial damage and stability impact. However, this comes with intense heat generation and bulkiness. PPCs also generate a mild EM field that degrades the firing capability of their target.",
        "Icon": "uixSvgIcon_weapon_Energy"
    },
    "BonusValueA": "+ 2 Acc.",
    "BonusValueB": "- 2 Dmg.",
    "ComponentType": "Weapon",
    "ComponentSubType": "Weapon",
    "PrefabIdentifier": "PPC",
    "BattleValue": 0,
    "InventorySize": 3,
    "Tonnage": 5.25,
    "AllowedLocations": "All",
    "DisallowedLocations": "All",
    "StructureDamage": 0.0,
    "CriticalComponent": false,
    "statusEffects": [
        {
            "durationData": {
                "duration": 1,
                "ticksOnActivations": true,
                "useActivationsOfTarget": true,
                "ticksOnEndOfRound": false,
                "ticksOnMovements": false,
                "stackLimit": 0,
                "clearedWhenAttacked": false
            },
            "targetingData": {
                "effectTriggerType": "OnHit",
                "triggerLimit": 0,
                "extendDurationOnTrigger": 0,
                "specialRules": "NotSet",
                "effectTargetType": "NotSet",
                "range": 0,
                "forcePathRebuild": false,
                "forceVisRebuild": false,
                "showInTargetPreview": true,
                "showInStatusPanel": true
            },
            "effectType": "StatisticEffect",
            "Description": {
                "Id": "AbilityDefPPC",
                "Name": "SENSORS IMPAIRED",
                "Details": "[AMT] Difficulty to all of this unit's attacks until its next activation.",
                "Icon": "uixSvgIcon_status_sensorsImpaired"
            },
            "nature": "Debuff",
            "statisticData": {
                "appliesEachTick": false,
                "effectsPersistAfterDestruction": false,
                "statName": "AccuracyModifier",
                "operation": "Float_Add",
                "modValue": "1.0",
                "modType": "System.Single",
                "additionalRules": "NotSet",
                "targetCollection": "NotSet",
                "targetWeaponCategory": "NotSet",
                "targetWeaponType": "NotSet",
                "targetAmmoCategory": "NotSet",
                "targetWeaponSubType": "NotSet"
            },
            "tagData": null,
            "floatieData": null,
            "actorBurningData": null,
            "vfxData": null,
            "instantModData": null,
            "poorlyMaintainedEffectData": null
        }
    ],
    "ComponentTags": {
        "items": [
            "component_type_variant",
            "component_type_variant2",
            "TechLevel_LowTech",
            "range_very-long"
        ],
        "tagSetSourceFile": ""
    },
    "ammoCategoryID": "NotSet"
}