{
    "Category": "Missile",
    "Type": "SRM",
    "WeaponSubType": "SRM4",
    "MinRange": 0,
    "MaxRange": 270,
    "RangeSplit": [
        180,
        180,
        270
    ],
    "StartingAmmoCapacity": 0,
    "HeatGenerated": 9.0,
    "Damage": 8.0,
    "OverheatedDamageMultiplier": 0,
    "EvasiveDamageMultiplier": 0,
    "EvasivePipsIgnored": 0,
    "DamageVariance": 0,
    "HeatDamage": 0.0,
    "AccuracyModifier": -1,
    "CriticalChanceMultiplier": 1.0,
    "AOECapable": false,
    "IndirectFireCapable": false,
    "RefireModifier": 0,
    "ShotsWhenFired": 4,
    "ProjectilesPerShot": 1,
    "AttackRecoil": 1,
    "Instability": 3.0,
    "WeaponEffectID": "WeaponEffect-Weapon_SRM4",
    "Description": {
        "Cost": 300000,
        "Rarity": 3,
        "Purchasable": true,
        "Manufacturer": "Holly",
        "Model": "Short-Range Missile Launcher",
        "UIName": "SRM4 +",
        "Id": "Weapon_SRM_SRM4_1-Holly",
        "Name": "SRM4 +",
        "Details": "The midtier rack of Short-Range Missiles, SRM4s deal good damage for comparatively few negatives other than their inherently short range and need for ammunition. As for all SRMs, SRM4 shots deal above-average stability impact per hit compared to other weapons.",
        "Icon": "uixSvgIcon_weapon_Missile"
    },
    "BonusValueA": "+ 1 Acc.",
    "BonusValueB": "",
    "ComponentType": "Weapon",
    "ComponentSubType": "Weapon",
    "PrefabIdentifier": "srm4",
    "BattleValue": 0,
    "InventorySize": 1,
    "Tonnage": 2.0,
    "AllowedLocations": "All",
    "DisallowedLocations": "All",
    "StructureDamage": 0.0,
    "CriticalComponent": false,
    "statusEffects": [],
    "ComponentTags": {
        "items": [
            "component_type_variant",
            "component_type_variant1",
            "TechLevel_LowTech",
            "range_standard"
        ],
        "tagSetSourceFile": ""
    },
    "ammoCategoryID": "SRM"
}