{
    "Category": "AntiPersonnel",
    "Type": "MachineGun",
    "WeaponSubType": "MachineGun",
    "MinRange": 0,
    "MaxRange": 90,
    "RangeSplit": [
        90,
        90,
        90
    ],
    "StartingAmmoCapacity": 0,
    "HeatGenerated": 2.0,
    "Damage": 1.4,
    "OverheatedDamageMultiplier": 0,
    "EvasiveDamageMultiplier": 0,
    "EvasivePipsIgnored": 0,
    "DamageVariance": 0,
    "HeatDamage": 0.0,
    "AccuracyModifier": 0,
    "CriticalChanceMultiplier": 1.3,
    "AOECapable": false,
    "IndirectFireCapable": false,
    "RefireModifier": 0,
    "ShotsWhenFired": 12,
    "ProjectilesPerShot": 1,
    "AttackRecoil": 0,
    "Instability": 0.0,
    "WeaponEffectID": "WeaponEffect-Weapon_MachineGun",
    "Description": {
        "Cost": 200000,
        "Rarity": 5,
        "Purchasable": true,
        "Manufacturer": "Brigadier",
        "Model": "Twin Machine Gun",
        "UIName": "Twin MG + +",
        "Id": "Weapon_MachineGun_TwinMachineGun_2-Brigadier",
        "Name": "Twin MG + +",
        "Details": "Twin Machine Guns deal very little damage, have severely limited range, and depend upon volatile ammunition stores. However, they have a greatly increased chance to cause Criticals when they impact a target that has been stripped of its armor.",
        "Icon": "uixSvgIcon_weapon_Support"
    },
    "BonusValueA": "+ 0.2 Dmg.",
    "BonusValueB": "- 20 Crit.",
    "ComponentType": "Weapon",
    "ComponentSubType": "Weapon",
    "PrefabIdentifier": "MachineGun",
    "BattleValue": 0,
    "InventorySize": 1,
    "Tonnage": 1.0,
    "AllowedLocations": "All",
    "DisallowedLocations": "All",
    "StructureDamage": 0.0,
    "CriticalComponent": false,
    "statusEffects": [],
    "ComponentTags": {
        "items": [
            "component_type_variant",
            "component_type_variant2",
            "TechLevel_LowTech",
            "range_close"
        ],
        "tagSetSourceFile": ""
    },
    "ammoCategoryID": "MG"
}