{
    "Category": "Ballistic",
    "Type": "Autocannon",
    "WeaponSubType": "AC10",
    "MinRange": 0,
    "MaxRange": 450,
    "RangeSplit": [
        300,
        300,
        450
    ],
    "StartingAmmoCapacity": 0,
    "HeatGenerated": 7.0,
    "Damage": 70.0,
    "OverheatedDamageMultiplier": 0,
    "EvasiveDamageMultiplier": 0,
    "EvasivePipsIgnored": 0,
    "DamageVariance": 0,
    "HeatDamage": 0.0,
    "AccuracyModifier": 0,
    "CriticalChanceMultiplier": 1.0,
    "AOECapable": false,
    "IndirectFireCapable": false,
    "RefireModifier": 2,
    "ShotsWhenFired": 1,
    "ProjectilesPerShot": 1,
    "AttackRecoil": 3,
    "Instability": 25.0,
    "WeaponEffectID": "WeaponEffect-Weapon_AC10_Single",
    "Description": {
        "Cost": 700000,
        "Rarity": 3,
        "Purchasable": true,
        "Manufacturer": "Federated",
        "Model": "Heavy Autocannon",
        "UIName": "AC/10 +",
        "Id": "Weapon_Autocannon_AC10_1-Federated",
        "Name": "AC/10 +",
        "Details": "One of the most powerful and efficient weapons mounted in combat, AC/10s are known for their heavy damage and ability to stagger opponents. Like all Autocannon weaponry, AC/10s suffer from recoil effects from continuous fire.",
        "Icon": "uixSvgIcon_weapon_Ballistic"
    },
    "BonusValueA": "- 4 Heat",
    "BonusValueB": "",
    "ComponentType": "Weapon",
    "ComponentSubType": "Weapon",
    "PrefabIdentifier": "AC10",
    "BattleValue": 0,
    "InventorySize": 7,
    "Tonnage": 10.0,
    "AllowedLocations": "All",
    "DisallowedLocations": "All",
    "StructureDamage": 0.0,
    "CriticalComponent": false,
    "statusEffects": [],
    "ComponentTags": {
        "items": [
            "component_type_variant",
            "component_type_variant1",
            "TechLevel_LowTech",
            "range_long"
        ],
        "tagSetSourceFile": ""
    },
    "FireDelayMultiplier": 1,
    "ImprovedBallistic": true,
    "HitGenerator": "Individual",
    "ammoCategoryID": "AC10"
}