{
    "Category": "AntiPersonnel",
    "Type": "MachineGun",
    "WeaponSubType": "MachineGun",
    "MinRange": 0,
    "MaxRange": 135,
    "RangeSplit": [
        135,
        135,
        135
    ],
    "StartingAmmoCapacity": 0,
    "HeatGenerated": 1.0,
    "Damage": 1.2,
    "OverheatedDamageMultiplier": 0,
    "EvasiveDamageMultiplier": 0,
    "EvasivePipsIgnored": 0,
    "DamageVariance": 0,
    "HeatDamage": 0.0,
    "AccuracyModifier": 0,
    "CriticalChanceMultiplier": 1.5,
    "AOECapable": false,
    "IndirectFireCapable": false,
    "RefireModifier": 0,
    "ShotsWhenFired": 6,
    "ProjectilesPerShot": 1,
    "AttackRecoil": 0,
    "Instability": 0.0,
    "WeaponEffectID": "WeaponEffect-Weapon_MachineGun",
    "Description": {
        "Cost": 100000,
        "Rarity": 5,
        "Purchasable": true,
        "Manufacturer": "VMI",
        "Model": "Machine Gun",
        "UIName": "MG + +",
        "Id": "Weapon_MachineGun_MachineGun_2-VMI",
        "Name": "MG + +",
        "Details": "Machine Guns deal very little damage, have severely limited range, and depend upon volatile ammunition stores. However, they have a greatly increased chance to cause Criticals when they impact a target that has been stripped of its armor.",
        "Icon": "uixSvgIcon_weapon_Support"
    },
    "BonusValueA": "+ 45 Range",
    "BonusValueB": "+ 0.2 Tons",
    "ComponentType": "Weapon",
    "ComponentSubType": "Weapon",
    "PrefabIdentifier": "MachineGun",
    "BattleValue": 0,
    "InventorySize": 1,
    "Tonnage": 0.7,
    "AllowedLocations": "All",
    "DisallowedLocations": "All",
    "StructureDamage": 0.0,
    "CriticalComponent": false,
    "statusEffects": [],
    "ComponentTags": {
        "items": [
            "component_type_variant",
            "component_type_variant2",
            "TechLevel_LowTech",
            "range_close"
        ],
        "tagSetSourceFile": ""
    },
    "ammoCategoryID": "MG"
}