{
    "Category": "Ballistic",
    "Type": "Autocannon",
    "WeaponSubType": "AC10",
    "MinRange": 0,
    "MaxRange": 450,
    "RangeSplit": [
        300,
        300,
        450
    ],
    "AmmoCategory": "NotSet",
    "StartingAmmoCapacity": 0,
    "HeatGenerated": 60.0,
    "Damage": 30.0,
    "OverheatedDamageMultiplier": 0,
    "EvasiveDamageMultiplier": 0,
    "EvasivePipsIgnored": 0,
    "DamageVariance": 20,
    "HeatDamage": 0.0,
    "AccuracyModifier": 0,
    "CriticalChanceMultiplier": 1.0,
    "AOECapable": false,
    "IndirectFireCapable": false,
    "RefireModifier": 4,
    "ShotsWhenFired": 1,
    "ProjectilesPerShot": 1,
    "AttackRecoil": 3,
    "Instability": 30.0,
    "WeaponEffectID": "WeaponEffect-Artillery_Thumper",
    "Description": {
        "Cost": 140000,
        "Rarity": 99,
        "Purchasable": false,
        "Manufacturer": "Western",
        "Model": "Heavy Autocannon",
        "UIName": "AC/10",
        "Id": "Weapon_Mortar_Thumper",
        "Name": "AC/10",
        "Details": "A fearsome Mortar embedded directly into certain Bullshark designs. This weapon damages 'Mechs within a large area, doing 30 damage to multiple locations on all 'Mechs. Each Thumper comes equipped for two shots.",
        "Icon": "uixSvgIcon_artillery"
    },
    "BonusValueA": "",
    "BonusValueB": "",
    "ComponentType": "Weapon",
    "ComponentSubType": "Weapon",
    "PrefabIdentifier": "chrPrfWeap_bullshark_centertorso_thumper",
    "InventorySize": 1,
    "Tonnage": 1.0,
    "AllowedLocations": "All",
    "DisallowedLocations": "All",
    "CriticalComponent": false,
    "statusEffects": [],
    "ComponentTags": {
        "items": [
            "range_long",
            "BLACKLISTED"
        ],
        "tagSetSourceFile": ""
    }
}