{
    "Category": "AntiPersonnel",
    "Type": "Flamer",
    "WeaponSubType": "Flamer",
    "MinRange": 0,
    "MaxRange": 90,
    "RangeSplit": [
        90,
        90,
        90
    ],
    "StartingAmmoCapacity": 0,
    "HeatGenerated": 0.0,
    "Damage": 5.0,
    "OverheatedDamageMultiplier": 0,
    "EvasiveDamageMultiplier": 0,
    "EvasivePipsIgnored": 0,
    "DamageVariance": 0,
    "HeatDamage": 4.0,
    "AccuracyModifier": 0,
    "CriticalChanceMultiplier": 1.0,
    "AOECapable": false,
    "IndirectFireCapable": false,
    "RefireModifier": -1,
    "ShotsWhenFired": 1,
    "ProjectilesPerShot": 1,
    "AttackRecoil": 0,
    "Instability": 0.0,
    "FireOnSuccessHit": true,
    "FireTerrainChance": 1,
    "FireTerrainStrength": 4,
    "WeaponEffectID": "WeaponEffect-Weapon_Flamer",
    "Description": {
        "Cost": 100000,
        "Rarity": 3,
        "Purchasable": true,
        "Manufacturer": "Hotshot",
        "Model": "Heat Damage Flamethrower",
        "UIName": "Flamer +",
        "Id": "Weapon_Flamer_Flamer_1-Hotshot",
        "Name": "Flamer +",
        "Details": "Flamer weapons are unique in that they deal little physical damage but instead expel superheated plasma, applying substantial heat to their target. When done properly, this can hamper enemy return fire or even cause the targeted unit to shut down from overheating.",
        "Icon": "uixSvgIcon_weapon_Support"
    },
    "BonusValueA": "+3 Dmg.(H)/2 turns",
    "BonusValueB": "+1 Refire",
    "ComponentType": "Weapon",
    "ComponentSubType": "Weapon",
    "PrefabIdentifier": "Flamer",
    "BattleValue": 0,
    "InventorySize": 1,
    "Tonnage": 1.0,
    "AllowedLocations": "All",
    "DisallowedLocations": "All",
    "StructureDamage": 0.0,
    "CriticalComponent": false,
    "statusEffects": [
        {
            "durationData": {
                "duration": 2,
                "ticksOnActivations": true,
                "useActivationsOfTarget": true,
                "ticksOnEndOfRound": false,
                "ticksOnMovements": false,
                "stackLimit": 0,
                "clearedWhenAttacked": false
            },
            "targetingData": {
                "effectTriggerType": "OnHit",
                "triggerLimit": 0,
                "extendDurationOnTrigger": 0,
                "specialRules": "NotSet",
                "effectTargetType": "NotSet",
                "range": 0,
                "forcePathRebuild": false,
                "forceVisRebuild": false,
                "showInTargetPreview": true,
                "showInStatusPanel": true
            },
            "effectType": "StatisticEffect",
            "Description": {
                "Id": "AbilityDefFlamer",
                "Name": "ON FIRE",
                "Details": "[INVERSE_AMT] heat generated per activation.",
                "Icon": "uixSvgIcon_statusOnFire"
            },
            "nature": "Debuff",
            "statisticData": {
                "appliesEachTick": false,
                "effectsPersistAfterDestruction": false,
                "statName": "HeatSinkCapacity",
                "operation": "Int_Add",
                "modValue": "-3",
                "modType": "System.Int32",
                "additionalRules": "NotSet",
                "targetCollection": "NotSet",
                "targetWeaponCategory": "NotSet",
                "targetWeaponType": "NotSet",
                "targetAmmoCategory": "NotSet",
                "targetWeaponSubType": "NotSet"
            },
            "tagData": null,
            "floatieData": null,
            "actorBurningData": null,
            "vfxData": null,
            "instantModData": null,
            "poorlyMaintainedEffectData": null
        }
    ],
    "ComponentTags": {
        "items": [
            "component_type_variant",
            "component_type_variant1",
            "TechLevel_LowTech",
            "range_close"
        ],
        "tagSetSourceFile": ""
    }
}