{
    "Category": "Missile",
    "Type": "SRM",
    "WeaponSubType": "Narc",
    "MinRange": 0,
    "MaxRange": 270,
    "RangeSplit": [
        180,
        180,
        270
    ],
    "StartingAmmoCapacity": 0,
    "HeatGenerated": 0.0,
    "Damage": 1.0,
    "OverheatedDamageMultiplier": 0,
    "EvasiveDamageMultiplier": 0,
    "EvasivePipsIgnored": 0,
    "DamageVariance": 0,
    "HeatDamage": 0.0,
    "AccuracyModifier": -4,
    "CriticalChanceMultiplier": 1.0,
    "AOECapable": false,
    "IndirectFireCapable": false,
    "RefireModifier": 0,
    "ShotsWhenFired": 1,
    "ProjectilesPerShot": 1,
    "AttackRecoil": 1,
    "Instability": 0.0,
    "WeaponEffectID": "WeaponEffect-Weapon_Narc",
    "Description": {
        "Cost": 110000,
        "Rarity": 2,
        "Purchasable": true,
        "Manufacturer": "Irian",
        "Model": "Missile Tracking Launcher",
        "UIName": "Narc Beacon",
        "Id": "Weapon_Narc_Standard_0-STOCK",
        "Name": "Narc Missile Beacon",
        "Details": "The Narc Missile Beacon launcher is designed to fire a single, highly specialized missile that deploys a homing beacon upon impact. The attached beacon transmits data to allied units, causing the linked target to be significantly easier to hit. In addition, the strength of the transmitted signal interferes with the target's sensors making it harder for them to acquire accurate targeting locks and impeding all of their subsequent attacks. Narc launchers are inherently very accurate.",
        "Icon": "uixSvgIcon_weapon_Missile"
    },
    "BonusValueA": "Easier To-Be-Hit, Sensor Interference",
    "BonusValueB": "",
    "ComponentType": "Weapon",
    "ComponentSubType": "Weapon",
    "PrefabIdentifier": "narc",
    "BattleValue": 0,
    "InventorySize": 2,
    "Tonnage": 3.0,
    "AllowedLocations": "All",
    "DisallowedLocations": "All",
    "StructureDamage": 0.0,
    "CriticalComponent": false,
    "statusEffects": [
        {
            "durationData": {
                "duration": 1,
                "ticksOnActivations": true,
                "useActivationsOfTarget": false,
                "ticksOnEndOfRound": false,
                "ticksOnMovements": false,
                "stackLimit": 0,
                "clearedWhenAttacked": false,
                "activeTrackedEffect": true
            },
            "targetingData": {
                "effectTriggerType": "OnHit",
                "triggerLimit": 0,
                "extendDurationOnTrigger": 0,
                "specialRules": "NotSet",
                "effectTargetType": "NotSet",
                "range": 0,
                "forcePathRebuild": false,
                "forceVisRebuild": false,
                "showInTargetPreview": true,
                "showInStatusPanel": true
            },
            "effectType": "StatisticEffect",
            "Description": {
                "Id": "StatusEffect-NARC-ToBeHitBonus",
                "Name": "NARC ATTACHED",
                "Details": "Units receive a 20% bonus to-hit a Narced target. Narced target suffers a 10% to-hit penalty for its attacks.",
                "Icon": "uixSvgIcon_statusMarked"
            },
            "nature": "Debuff",
            "statisticData": {
                "appliesEachTick": false,
                "statName": "ToHitThisActor",
                "operation": "Float_Subtract",
                "modValue": "4.0",
                "modType": "System.Single"
            },
            "tagData": null,
            "floatieData": null,
            "actorBurningData": null,
            "vfxData": null,
            "instantModData": null,
            "poorlyMaintainedEffectData": null
        },
        {
            "durationData": {
                "duration": 2,
                "ticksOnActivations": true,
                "useActivationsOfTarget": false,
                "ticksOnEndOfRound": false,
                "ticksOnMovements": false,
                "stackLimit": 0,
                "clearedWhenAttacked": false,
                "activeTrackedEffect": true
            },
            "targetingData": {
                "effectTriggerType": "OnHit",
                "triggerLimit": 0,
                "extendDurationOnTrigger": 0,
                "specialRules": "NotSet",
                "effectTargetType": "NotSet",
                "range": 0,
                "forcePathRebuild": false,
                "forceVisRebuild": false,
                "showInTargetPreview": false,
                "showInStatusPanel": false
            },
            "effectType": "StatisticEffect",
            "Description": {
                "Id": "StatusEffect-NARC-ToHitMalus",
                "Name": "NARC SENSORS IMPAIRED",
                "Details": "[AMT] Difficulty to all of this unit's attacks until its next activation.",
                "Icon": "uixSvgIcon_status_sensorsImpaired"
            },
            "nature": "Debuff",
            "statisticData": {
                "appliesEachTick": false,
                "effectsPersistAfterDestruction": false,
                "statName": "AccuracyModifier",
                "operation": "Float_Add",
                "modValue": "2.0",
                "modType": "System.Single",
                "additionalRules": "NotSet",
                "targetCollection": "NotSet",
                "targetWeaponCategory": "NotSet",
                "targetWeaponType": "NotSet",
                "targetAmmoCategory": "NotSet",
                "targetWeaponSubType": "NotSet"
            },
            "tagData": null,
            "floatieData": null,
            "actorBurningData": null,
            "vfxData": null,
            "instantModData": null,
            "poorlyMaintainedEffectData": null
        },
        {
            "durationData": {
                "duration": 2,
                "ticksOnActivations": true,
                "useActivationsOfTarget": false,
                "ticksOnEndOfRound": false,
                "ticksOnMovements": false,
                "stackLimit": 0,
                "clearedWhenAttacked": false,
                "activeTrackedEffect": true
            },
            "targetingData": {
                "effectTriggerType": "OnHit",
                "triggerLimit": 0,
                "extendDurationOnTrigger": 0,
                "specialRules": "NotSet",
                "effectTargetType": "NotSet",
                "range": 0,
                "forcePathRebuild": false,
                "forceVisRebuild": false,
                "showInTargetPreview": false,
                "showInStatusPanel": false,
                "hideApplicationFloatie": true
            },
            "effectType": "VFXEffect",
            "Description": {
                "Id": "StatusEffect-NARC-IndicatorVFX",
                "Name": "NARC ATTACHED",
                "Details": "Visual indicator of the NARC effect",
                "Icon": "uixSvgIcon_statusMarked"
            },
            "nature": "Debuff",
            "vfxData": {
                "vfxName": "vfxPrfPrtl_narcMarker_loop",
                "attachToImpactPoint": true,
                "location": -1,
                "isAttached": true,
                "facesAttacker": false,
                "isOneShot": false,
                "duration": -1.0
            }
        }
    ],
    "ComponentTags": {
        "items": [
            "component_type_stock",
            "range_standard",
            "TechLevel_LowTech"
        ],
        "tagSetSourceFile": ""
    },
    "VolleyDivisor": 1,
    "ammoCategoryID": "Narc"
}