{
    "Category": "Ballistic",
    "Type": "Autocannon",
    "WeaponSubType": "LB10X",
    "MinRange": 0,
    "MaxRange": 450,
    "RangeSplit": [
        300,
        300,
        450
    ],
    "StartingAmmoCapacity": 0,
    "HeatGenerated": 14.0,
    "Damage": 117.0,
    "OverheatedDamageMultiplier": 0,
    "EvasiveDamageMultiplier": 0,
    "EvasivePipsIgnored": 0,
    "DamageVariance": 0,
    "HeatDamage": 0.0,
    "AccuracyModifier": 0,
    "CriticalChanceMultiplier": 1.5,
    "AOECapable": false,
    "IndirectFireCapable": false,
    "RefireModifier": 2,
    "ShotsWhenFired": 1,
    "ProjectilesPerShot": 13,
    "AttackRecoil": 3,
    "Instability": 39.6,
    "WeaponEffectID": "WeaponEffect-Weapon_LB10X",
    "Description": {
        "Cost": 2300000,
        "Rarity": 7,
        "Purchasable": true,
        "Manufacturer": "Western",
        "Model": "Heavy Cluster Cannon",
        "UIName": "LB 10-X + +",
        "Id": "Weapon_Autocannon_LB10X_2-Western",
        "Name": "LB 10-X + +",
        "Details": "The LB 10-X sands away considerable amounts of armor and severely destabilizes targets with its large-gauge scatter shots and high stability damage. Like all LB-X Autocannons, the LB 10-X fires cluster munitions and suffers recoil from continuous fire.<color=#ffcc00><b>\r\n\r\n-Each shot breaks into 12 separate projectiles.\r\n-Projectiles either all hit or all miss.\r\n-Projectiles do 8 damage each.</b></color>",
        "Icon": "uixSvgIcon_weapon_Ballistic"
    },
    "BonusValueA": "+ 3.6 Stb.Dmg.",
    "BonusValueB": "+ 25 Crit.",
    "ComponentType": "Weapon",
    "ComponentSubType": "Weapon",
    "PrefabIdentifier": "lbx10",
    "InventorySize": 6,
    "Tonnage": 11.0,
    "AllowedLocations": "All",
    "DisallowedLocations": "All",
    "StructureDamage": 0.0,
    "CriticalComponent": false,
    "statusEffects": [],
    "ComponentTags": {
        "items": [
            "component_type_variant",
            "component_type_variant2",
            "TechLevel_HighTech",
            "range_long"
        ],
        "tagSetSourceFile": ""
    },
    "ImprovedBallistic": true,
    "DamageNotDivided": false,
    "HasShells": false,
    "VolleyDivisor": 1,
    "HitGenerator": "Cluster",
    "BallisticDamagePerPallet": true,
    "ammoCategoryID": "LB10X"
}