{
    "Category": "Energy",
    "Type": "Laser",
    "WeaponSubType": "TAG",
    "MinRange": 0,
    "MaxRange": 240,
    "RangeSplit": [
        150,
        150,
        240
    ],
    "StartingAmmoCapacity": 0,
    "HeatGenerated": 5.0,
    "Damage": 1.0,
    "OverheatedDamageMultiplier": 0,
    "EvasiveDamageMultiplier": 0,
    "EvasivePipsIgnored": 0,
    "DamageVariance": 0,
    "HeatDamage": 0.0,
    "AccuracyModifier": -2,
    "CriticalChanceMultiplier": 1.0,
    "AOECapable": false,
    "IndirectFireCapable": false,
    "RefireModifier": 0,
    "ShotsWhenFired": 1,
    "ProjectilesPerShot": 1,
    "AttackRecoil": 1,
    "Instability": 0.0,
    "WeaponEffectID": "WeaponEffect-Weapon_TAG",
    "Description": {
        "Cost": 850000,
        "Rarity": 6,
        "Purchasable": true,
        "Manufacturer": "Garret",
        "Model": "Target Acquisition Gear",
        "UIName": "TAG + +",
        "Id": "Weapon_TAG_Standard_2-Ceres_Arms",
        "Name": "Target Acquisition Gear + +",
        "Details": "Target Acquistion Gear (TAG) is a specialized piece of equipment that \"paints\" a target for improved targeting from allies. In practical terms, this means that Called Shots can be made against any target that has been hit with a TAG shot.",
        "Icon": "uixSvgIcon_weapon_Energy"
    },
    "BonusValueA": "Called Shot Against Target",
    "BonusValueB": "+ 2 Acc. |- 30 Range",
    "ComponentType": "Weapon",
    "ComponentSubType": "Weapon",
    "PrefabIdentifier": "Laser",
    "BattleValue": 0,
    "InventorySize": 1,
    "Tonnage": 1.0,
    "AllowedLocations": "All",
    "DisallowedLocations": "All",
    "StructureDamage": 0.0,
    "CriticalComponent": false,
    "statusEffects": [
        {
            "durationData": {
                "duration": 1,
                "ticksOnActivations": true,
                "useActivationsOfTarget": true,
                "ticksOnEndOfRound": false,
                "ticksOnMovements": false,
                "stackLimit": 0,
                "clearedWhenAttacked": false,
                "activeTrackedEffect": true
            },
            "targetingData": {
                "effectTriggerType": "OnHit",
                "triggerLimit": 0,
                "extendDurationOnTrigger": 0,
                "specialRules": "NotSet",
                "effectTargetType": "NotSet",
                "range": 0,
                "forcePathRebuild": false,
                "forceVisRebuild": false,
                "showInTargetPreview": true,
                "showInStatusPanel": true
            },
            "effectType": "StatisticEffect",
            "Description": {
                "Id": "StatusEffect-TAG-BallisticDmgBonus",
                "Name": "TAG MARKED",
                "Details": "This unit is susceptible to Called Shots.",
                "Icon": "uixSvgIcon_statusMarked"
            },
            "nature": "Debuff",
            "statisticData": {
                "appliesEachTick": false,
                "statName": "DamageReductionMultiplierBallistic",
                "operation": "Float_Multiply",
                "modValue": "1.0",
                "modType": "System.Single"
            },
            "tagData": null,
            "floatieData": null,
            "actorBurningData": null,
            "vfxData": null,
            "instantModData": null,
            "poorlyMaintainedEffectData": null
        },
        {
            "durationData": {
                "duration": 1,
                "ticksOnActivations": true,
                "useActivationsOfTarget": false,
                "ticksOnEndOfRound": false,
                "ticksOnMovements": true,
                "stackLimit": 0,
                "clearedWhenAttacked": false,
                "activeTrackedEffect": true
            },
            "targetingData": {
                "effectTriggerType": "OnHit",
                "triggerLimit": 0,
                "extendDurationOnTrigger": 0,
                "specialRules": "NotSet",
                "effectTargetType": "NotSet",
                "range": 0,
                "forcePathRebuild": false,
                "forceVisRebuild": false,
                "showInTargetPreview": false,
                "showInStatusPanel": false,
                "hideApplicationFloatie": true
            },
            "effectType": "VFXEffect",
            "Description": {
                "Id": "StatusEffect-TAG-IndicatorVFX",
                "Name": "TAG MARKED",
                "Details": "Visual indicator of the TAG effect",
                "Icon": "uixSvgIcon_status_sensorsImpaired"
            },
            "nature": "Debuff",
            "vfxData": {
                "vfxName": "vfxPrfPrtl_TAGmarker_loop",
                "attachToImpactPoint": true,
                "location": -1,
                "isAttached": true,
                "facesAttacker": false,
                "isOneShot": false,
                "duration": -1.0
            }
        }
    ],
    "ComponentTags": {
        "items": [
            "component_type_variant",
            "component_type_variant2",
            "range_standard",
            "TechLevel_LowTech"
        ],
        "tagSetSourceFile": ""
    },
    "VolleyDivisor": 1,
    "ammoCategoryID": "NotSet"
}