{
    "Category": "Missile",
    "Type": "LRM",
    "WeaponSubType": "LRM10",
    "MinRange": 180,
    "MaxRange": 630,
    "RangeSplit": [
        420,
        420,
        630
    ],
    "StartingAmmoCapacity": 0,
    "HeatGenerated": 7.0,
    "Damage": 4.0,
    "OverheatedDamageMultiplier": 0,
    "EvasiveDamageMultiplier": 0,
    "EvasivePipsIgnored": 0,
    "DamageVariance": 0,
    "HeatDamage": 0.0,
    "AccuracyModifier": -1,
    "CriticalChanceMultiplier": 1.0,
    "AOECapable": false,
    "IndirectFireCapable": true,
    "RefireModifier": 0,
    "ShotsWhenFired": 10,
    "ProjectilesPerShot": 1,
    "AttackRecoil": 1,
    "Instability": 2.0,
    "WeaponEffectID": "WeaponEffect-Weapon_LRM10",
    "Description": {
        "Cost": 750000,
        "Rarity": 3,
        "Purchasable": true,
        "Manufacturer": "Telos",
        "Model": "Long-Range Missile Launcher",
        "UIName": "LRM10 +",
        "Id": "Weapon_LRM_LRM10_1-Telos",
        "Name": "LRM10 +",
        "Details": "The LRM10 rack of Long-Range Missiles occupies a supporting fire role when mounted on most units, with fairly low damage balanced by low heat and ammunition consumption. Like all LRMs, LRM10s are capable of indirect fire over obstacles and terrain with the benefit of a spotter unit.",
        "Icon": "uixSvgIcon_weapon_Missile"
    },
    "BonusValueA": "+ 1 Acc.",
    "BonusValueB": "",
    "ComponentType": "Weapon",
    "ComponentSubType": "Weapon",
    "PrefabIdentifier": "lrm10",
    "BattleValue": 0,
    "InventorySize": 2,
    "Tonnage": 4.5,
    "AllowedLocations": "All",
    "DisallowedLocations": "All",
    "StructureDamage": 0.0,
    "CriticalComponent": false,
    "statusEffects": [],
    "ComponentTags": {
        "items": [
            "component_type_variant",
            "component_type_variant1",
            "TechLevel_LowTech",
            "range_extreme"
        ],
        "tagSetSourceFile": ""
    },
    "ammoCategoryID": "LRM"
}