{
    "Category": "Ballistic",
    "Type": "Autocannon",
    "WeaponSubType": "AC5",
    "MinRange": 90,
    "MaxRange": 540,
    "RangeSplit": [
        360,
        360,
        540
    ],
    "StartingAmmoCapacity": 0,
    "HeatGenerated": 4.0,
    "Damage": 26.0,
    "OverheatedDamageMultiplier": 0,
    "EvasiveDamageMultiplier": 0,
    "EvasivePipsIgnored": 0,
    "DamageVariance": 0,
    "HeatDamage": 0.0,
    "AccuracyModifier": 0,
    "CriticalChanceMultiplier": 1.0,
    "AOECapable": false,
    "IndirectFireCapable": false,
    "RefireModifier": 1,
    "ShotsWhenFired": 2,
    "ProjectilesPerShot": 1,
    "AttackRecoil": 2,
    "Instability": 7.0,
    "WeaponEffectID": "WeaponEffect-Weapon_AC5",
    "Description": {
        "Cost": 500000,
        "Rarity": 3,
        "Purchasable": true,
        "Manufacturer": "Defiance",
        "Model": "Tactical Autocannon",
        "UIName": "AC/5 +",
        "Id": "Weapon_Autocannon_AC5_1-Defiance",
        "Name": "AC/5 +",
        "Details": "A flexible weapon, AC/5s strike a balance between long range, power, and performance. These weapons are commonly found on medium 'Mechs as their primary source of reliable damage. Like all Autocannon weaponry, AC/5s suffer from recoil effects from continuous fire.",
        "Icon": "uixSvgIcon_weapon_Ballistic"
    },
    "BonusValueA": "+ 2 Dmg.",
    "BonusValueB": "",
    "ComponentType": "Weapon",
    "ComponentSubType": "Weapon",
    "PrefabIdentifier": "AC5",
    "BattleValue": 0,
    "InventorySize": 4,
    "Tonnage": 7.0,
    "AllowedLocations": "All",
    "DisallowedLocations": "All",
    "StructureDamage": 0.0,
    "CriticalComponent": false,
    "statusEffects": [],
    "ComponentTags": {
        "items": [
            "component_type_variant",
            "component_type_variant1",
            "TechLevel_LowTech",
            "range_very-long"
        ],
        "tagSetSourceFile": ""
    },
    "FireDelayMultiplier": 2,
    "ImprovedBallistic": true,
    "HitGenerator": "Individual",
    "ammoCategoryID": "AC5"
}