{
    "Category": "Missile",
    "Type": "LRM",
    "WeaponSubType": "LRM5",
    "MinRange": 180,
    "MaxRange": 675,
    "RangeSplit": [
        465,
        465,
        675
    ],
    "StartingAmmoCapacity": 0,
    "HeatGenerated": 5.0,
    "Damage": 4.0,
    "OverheatedDamageMultiplier": 0,
    "EvasiveDamageMultiplier": 0,
    "EvasivePipsIgnored": 0,
    "DamageVariance": 0,
    "HeatDamage": 0.0,
    "AccuracyModifier": 0,
    "CriticalChanceMultiplier": 1.0,
    "AOECapable": false,
    "IndirectFireCapable": true,
    "RefireModifier": 0,
    "ShotsWhenFired": 5,
    "ProjectilesPerShot": 1,
    "AttackRecoil": 1,
    "Instability": 2.0,
    "WeaponEffectID": "WeaponEffect-Weapon_LRM5",
    "Description": {
        "Cost": 400000,
        "Rarity": 3,
        "Purchasable": true,
        "Manufacturer": "Coventry",
        "Model": "Long-Range Missile Launcher",
        "UIName": "LRM5 +",
        "Id": "Weapon_LRM_LRM5_1-Coventry",
        "Name": "LRM5 +",
        "Details": "The smallest rack of Long-Range Missiles, LRM5s are efficient and tend to serve as harassment weapons. Like all LRMs, LRM5s are capable of indirect fire over obstacles and terrain with the benefit of a spotter unit.",
        "Icon": "uixSvgIcon_weapon_Missile"
    },
    "BonusValueA": "+ 45 Range",
    "BonusValueB": "",
    "ComponentType": "Weapon",
    "ComponentSubType": "Weapon",
    "PrefabIdentifier": "lrm5",
    "BattleValue": 0,
    "InventorySize": 1,
    "Tonnage": 1.75,
    "AllowedLocations": "All",
    "DisallowedLocations": "All",
    "StructureDamage": 0.0,
    "CriticalComponent": false,
    "statusEffects": [],
    "ComponentTags": {
        "items": [
            "component_type_variant",
            "component_type_variant1",
            "TechLevel_LowTech",
            "range_extreme"
        ],
        "tagSetSourceFile": ""
    },
    "ammoCategoryID": "LRM"
}