{
    "Category": "Energy",
    "Type": "Laser",
    "WeaponSubType": "LargeLaserER",
    "MinRange": 0,
    "MaxRange": 570,
    "RangeSplit": [
        330,
        330,
        570
    ],
    "StartingAmmoCapacity": 0,
    "HeatGenerated": 24.0,
    "Damage": 53.0,
    "OverheatedDamageMultiplier": 0,
    "EvasiveDamageMultiplier": 0,
    "EvasivePipsIgnored": 0,
    "DamageVariance": 0,
    "HeatDamage": 2.0,
    "AccuracyModifier": 0,
    "CriticalChanceMultiplier": 1.25,
    "AOECapable": false,
    "IndirectFireCapable": false,
    "RefireModifier": 0,
    "ShotsWhenFired": 1,
    "ProjectilesPerShot": 1,
    "AttackRecoil": 1,
    "Instability": 0.0,
    "WeaponEffectID": "WeaponEffect-Weapon_LaserER_Large",
    "Description": {
        "Cost": 152500,
        "Rarity": 2,
        "Purchasable": true,
        "Manufacturer": "SCI",
        "Model": "Extended-Range Large Laser",
        "UIName": "ER L Laser",
        "Id": "Weapon_Laser_LargeLaserER_0-STOCK",
        "Name": "ER L Laser",
        "Details": "An improvement upon standard Large Lasers, Extended-Range Large Lasers extend their effective range at the cost of massive heat generation. Like all Lasers, ER Large Lasers enjoy a baseline accuracy bonus over other weapons.",
        "Icon": "uixSvgIcon_weapon_Energy"
    },
    "BonusValueA": "",
    "BonusValueB": "",
    "ComponentType": "Weapon",
    "ComponentSubType": "Weapon",
    "PrefabIdentifier": "Laser",
    "BattleValue": 0,
    "InventorySize": 2,
    "Tonnage": 4.25,
    "AllowedLocations": "All",
    "DisallowedLocations": "All",
    "StructureDamage": 0.0,
    "CriticalComponent": false,
    "statusEffects": [],
    "ComponentTags": {
        "items": [
            "component_type_stock",
            "TechLevel_HighTech",
            "range_very-long"
        ],
        "tagSetSourceFile": ""
    },
    "ColorSpeedChange": 0.6,
    "ImprovedBallistic": true,
    "ProjectileSpeedMultiplier": 1.3,
    "ColorChangeRule": "Linear",
    "ColorsTable": [
        {
            "C": "#488AC7",
            "I": 5
        },
        {
            "C": "#488AC7",
            "I": 5
        }
    ],
    "ammoCategoryID": "NotSet"
}
