{
    "Category": "Missile",
    "Type": "SRM",
    "WeaponSubType": "SRM4",
    "MinRange": 0,
    "MaxRange": 270,
    "RangeSplit": [
        180,
        180,
        270
    ],
    "AmmoCategory": "SRM",
    "StartingAmmoCapacity": 0,
    "HeatGenerated": 7.0,
    "Damage": 7.0,
    "OverheatedDamageMultiplier": 0,
    "EvasiveDamageMultiplier": 0,
    "EvasivePipsIgnored": 2,
    "DamageVariance": 0,
    "HeatDamage": 0.0,
    "AccuracyModifier": 1,
    "CriticalChanceMultiplier": 1.0,
    "AOECapable": false,
    "IndirectFireCapable": false,
    "RefireModifier": 0,
    "ShotsWhenFired": 4,
    "ProjectilesPerShot": 1,
    "AttackRecoil": 1,
    "Instability": 3.0,
    "WeaponEffectID": "WeaponEffect-Weapon_SRM4",
    "Description": {
        "Cost": 700000,
        "Rarity": 5,
        "Purchasable": true,
        "Manufacturer": "Irian",
        "Model": "Streak Missile Launcher",
        "UIName": "Streak SRM4 + +",
        "Id": "Weapon_SRM_SSRM4_2-Irian",
        "Name": "Streak SRM4 + +",
        "Details": "A tiny rack of Short-Range Missiles, SRM4s deal little damage but also cost almost nothing in the way of weight, space, heat, or ammunition consumption. As for all SRMs, SRM4 shots deal above-average stability impact per hit compared to other weapons. The Streak Missile Launcher is a specialized version of the standard Short Range Missile launcher which withholds fire until it receives a solid lock ensuring all missiles will hit. If the launcher cannot gain a lock on the target the missiles won't fire.  Streak launchers are good for hitting evading targets as they ignore 2 evasive charges.",
        "Icon": "uixSvgIcon_weapon_Missile"
    },
    "BonusValueA": "- 2 Heat",
    "BonusValueB": "- 1 Acc.",
    "ComponentType": "Weapon",
    "ComponentSubType": "Weapon",
    "PrefabIdentifier": "SRM4",
    "BattleValue": 0,
    "InventorySize": 1,
    "Tonnage": 2.5,
    "AllowedLocations": "All",
    "DisallowedLocations": "All",
    "StructureDamage": 0.0,
    "CriticalComponent": false,
    "statusEffects": [],
    "ComponentTags": {
        "items": [
            "component_type_variant",
            "component_type_variant2",
            "TechLevel_MidTech",
            "range_standard",
            "component_streak"
        ],
        "tagSetSourceFile": ""
    },
    "ImprovedBallistic": true,
    "Streak": true,
    "HitGenerator": "Streak"
}