{
    "Category": "Ballistic",
    "Type": "Autocannon",
    "WeaponSubType": "AC20",
    "MinRange": 0,
    "MaxRange": 270,
    "RangeSplit": [
        180,
        180,
        270
    ],
    "StartingAmmoCapacity": 0,
    "HeatGenerated": 21.0,
    "Damage": 100.0,
    "OverheatedDamageMultiplier": 0,
    "EvasiveDamageMultiplier": 0,
    "EvasivePipsIgnored": 0,
    "DamageVariance": 0,
    "HeatDamage": 0.0,
    "AccuracyModifier": -1,
    "CriticalChanceMultiplier": 1.0,
    "AOECapable": false,
    "IndirectFireCapable": false,
    "RefireModifier": 2,
    "ShotsWhenFired": 1,
    "ProjectilesPerShot": 1,
    "AttackRecoil": 4,
    "Instability": 50.0,
    "WeaponEffectID": "WeaponEffect-Weapon_AC20_Single",
    "Description": {
        "Cost": 900000,
        "Rarity": 3,
        "Purchasable": true,
        "Manufacturer": "Kali Yama",
        "Model": "Shredder Autocannon",
        "UIName": "AC/20 +",
        "Id": "Weapon_Autocannon_AC20_1-Kali_Yama",
        "Name": "AC/20 +",
        "Details": "The king of the battlefield in terms of raw damage, AC/20s hit harder than any other weapon. However, this comes at the expense of weight, range, and severely limited ammunition. Like all Autocannon weaponry, AC/20s suffer from recoil effects from continuous fire.",
        "Icon": "uixSvgIcon_weapon_Ballistic"
    },
    "BonusValueA": "+ 1 Acc.",
    "BonusValueB": "",
    "ComponentType": "Weapon",
    "ComponentSubType": "Weapon",
    "PrefabIdentifier": "AC20",
    "BattleValue": 0,
    "InventorySize": 9,
    "Tonnage": 13.0,
    "AllowedLocations": "All",
    "DisallowedLocations": "All",
    "StructureDamage": 0.0,
    "CriticalComponent": false,
    "statusEffects": [],
    "ComponentTags": {
        "items": [
            "component_type_variant",
            "component_type_variant1",
            "TechLevel_LowTech",
            "range_standard"
        ],
        "tagSetSourceFile": ""
    },
    "FireDelayMultiplier": 1,
    "ImprovedBallistic": true,
    "HitGenerator": "Individual",
    "ammoCategoryID": "AC20"
}