{
    "Category": "Energy",
    "Type": "Laser",
    "WeaponSubType": "MediumLaserER",
    "MinRange": 0,
    "MaxRange": 360,
    "RangeSplit": [
        270,
        270,
        360
    ],
    "StartingAmmoCapacity": 0,
    "HeatGenerated": 12.0,
    "Damage": 25.0,
    "OverheatedDamageMultiplier": 0,
    "EvasiveDamageMultiplier": 0,
    "EvasivePipsIgnored": 0,
    "DamageVariance": 0,
    "HeatDamage": 1.0,
    "AccuracyModifier": -1,
    "CriticalChanceMultiplier": 1.25,
    "AOECapable": false,
    "IndirectFireCapable": false,
    "RefireModifier": 0,
    "ShotsWhenFired": 1,
    "ProjectilesPerShot": 1,
    "AttackRecoil": 1,
    "Instability": 0.0,
    "WeaponEffectID": "WeaponEffect-Weapon_LaserER_Medium",
    "Description": {
        "Cost": 512500,
        "Rarity": 4,
        "Purchasable": true,
        "Manufacturer": "Magna VI",
        "Model": "Extended-Range Medium Laser",
        "UIName": "ER M Laser +",
        "Id": "Weapon_Laser_MediumLaserER_1-MagnaVI",
        "Name": "ER M Laser +",
        "Details": "An improvement upon standard Medium Lasers, Extended-Range Medium Lasers extend their effective range at the cost of considerable heat generation. Like all Lasers, ER Medium Lasers enjoy a baseline accuracy bonus over other weapons.",
        "Icon": "uixSvgIcon_weapon_Energy"
    },
    "BonusValueA": "+1 Acc.",
    "BonusValueB": "",
    "ComponentType": "Weapon",
    "ComponentSubType": "Weapon",
    "PrefabIdentifier": "Laser",
    "BattleValue": 0,
    "InventorySize": 1,
    "Tonnage": 1.25,
    "AllowedLocations": "All",
    "DisallowedLocations": "All",
    "StructureDamage": 0.0,
    "CriticalComponent": false,
    "statusEffects": [],
    "ComponentTags": {
        "items": [
            "component_type_variant",
            "component_type_variant1",
            "TechLevel_HighTech",
            "range_standard"
        ],
        "tagSetSourceFile": ""
    },
    "ImprovedBallistic": true,
    "ProjectileSpeedMultiplier": 1.3,
    "ColorChangeRule": "Linear",
    "ColorsTable": [
        {
            "C": "orange",
            "I": 5
        }
    ],
    "ammoCategoryID": "NotSet"
}
