{
    "Category": "Ballistic",
    "Type": "Autocannon",
    "WeaponSubType": "UAC2",
    "MinRange": 120,
    "MaxRange": 720,
    "RangeSplit": [
        480,
        480,
        720
    ],
    "AmmoCategory": "AC2",
    "StartingAmmoCapacity": 0,
    "HeatGenerated": 7.0,
    "Damage": 13.0,
    "OverheatedDamageMultiplier": 0,
    "EvasiveDamageMultiplier": 0,
    "EvasivePipsIgnored": 0,
    "DamageVariance": 0,
    "HeatDamage": 0.0,
    "AccuracyModifier": 0,
    "CriticalChanceMultiplier": 1.0,
    "AOECapable": false,
    "IndirectFireCapable": false,
    "RefireModifier": 4,
    "ShotsWhenFired": 4,
    "ProjectilesPerShot": 1,
    "AttackRecoil": 1,
    "Instability": 1.0,
    "WeaponEffectID": "WeaponEffect-Weapon_AC2_Ultra",
    "Description": {
        "Cost": 200000,
        "Rarity": 2,
        "Purchasable": true,
        "Manufacturer": "Imperator",
        "Model": "Sniper Autocannon",
        "UIName": "UAC/2",
        "Id": "Weapon_Autocannon_UAC2_0-STOCK",
        "Name": "UAC/2",
        "Details": "Ultra AC/2s deal twice the damage at extreme range - a massive upgrade over the standard model. Like all Ultra Autocannon weaponry, UAC/2s suffer from substantial recoil effects from firing and consume four ammo per attack.",
        "Icon": "uixSvgIcon_weapon_Ballistic"
    },
    "BonusValueA": "",
    "BonusValueB": "",
    "ComponentType": "Weapon",
    "ComponentSubType": "Weapon",
    "PrefabIdentifier": "uac5",
    "InventorySize": 3,
    "Tonnage": 5.5,
    "AllowedLocations": "All",
    "DisallowedLocations": "All",
    "StructureDamage": 0.0,
    "CriticalComponent": false,
    "statusEffects": [],
    "ComponentTags": {
        "items": [
            "component_type_stock",
            "range_extreme",
            "TechLevel_MidTech"
        ],
        "tagSetSourceFile": ""
    },
    "FireDelayMultiplier": 1,
    "ImprovedBallistic": true,
    "HitGenerator": "Individual"
}