{
    "Category": "AntiPersonnel",
    "Type": "Laser",
    "WeaponSubType": "SmallLaserPulse",
    "MinRange": 0,
    "MaxRange": 90,
    "RangeSplit": [
        90,
        90,
        90
    ],
    "StartingAmmoCapacity": 0,
    "HeatGenerated": 10.0,
    "Damage": 8.0,
    "OverheatedDamageMultiplier": 0,
    "EvasiveDamageMultiplier": 0,
    "EvasivePipsIgnored": 0,
    "DamageVariance": 0,
    "HeatDamage": 0.34,
    "AccuracyModifier": -2,
    "CriticalChanceMultiplier": 1.0,
    "AOECapable": false,
    "IndirectFireCapable": false,
    "RefireModifier": 0,
    "ShotsWhenFired": 3,
    "ProjectilesPerShot": 1,
    "AttackRecoil": 1,
    "Instability": 0.0,
    "WeaponEffectID": "WeaponEffect-Weapon_LaserPulse_Small",
    "Description": {
        "Cost": 21000,
        "Rarity": 2,
        "Purchasable": true,
        "Manufacturer": "SCI",
        "Model": "Small Pulse Laser",
        "UIName": "S Pulse",
        "Id": "Weapon_Laser_SmallLaserPulse_0-STOCK",
        "Name": "S Pulse",
        "Details": "An improvement upon standard Small Lasers, Small Pulse Lasers use pulses of light instead of a single beam. This results in better accuracy and damage output but with greatly increased heat and weight. Like all Lasers, Small Pulse Lasers enjoy a baseline accuracy bonus over other weapons.",
        "Icon": "uixSvgIcon_weapon_Support"
    },
    "BonusValueA": "",
    "BonusValueB": "",
    "ComponentType": "Weapon",
    "ComponentSubType": "Weapon",
    "PrefabIdentifier": "Laser",
    "BattleValue": 0,
    "InventorySize": 1,
    "Tonnage": 0.75,
    "AllowedLocations": "All",
    "DisallowedLocations": "All",
    "StructureDamage": 0.0,
    "CriticalComponent": false,
    "statusEffects": [],
    "ComponentTags": {
        "items": [
            "component_type_stock",
            "TechLevel_MidTech",
            "range_close"
        ],
        "tagSetSourceFile": ""
    },
    "FireDelayMultiplier": 0.01,
    "ImprovedBallistic": true,
    "ProjectileSpeedMultiplier": 0.33,
    "HitGenerator": "Streak",
    "ColorsTable": [
        {
            "C": "#E55B3C",
            "I": 5
        }
    ],
    "ammoCategoryID": "NotSet"
}