{
    "Category": "AntiPersonnel",
    "Type": "Laser",
    "WeaponSubType": "SmallLaser",
    "MinRange": 0,
    "MaxRange": 90,
    "RangeSplit": [
        90,
        90,
        90
    ],
    "StartingAmmoCapacity": 0,
    "HeatGenerated": 6.0,
    "Damage": 14.0,
    "OverheatedDamageMultiplier": 0,
    "EvasiveDamageMultiplier": 0,
    "EvasivePipsIgnored": 0,
    "DamageVariance": 0,
    "HeatDamage": 0.5,
    "AccuracyModifier": -1,
    "CriticalChanceMultiplier": 1.0,
    "AOECapable": false,
    "IndirectFireCapable": false,
    "RefireModifier": 0,
    "ShotsWhenFired": 1,
    "ProjectilesPerShot": 1,
    "AttackRecoil": 0,
    "Instability": 0.0,
    "WeaponEffectID": "WeaponEffect-Weapon_Laser_Small",
    "Description": {
        "Cost": 100000,
        "Rarity": 3,
        "Purchasable": true,
        "Manufacturer": "Magna",
        "Model": "Small Laser",
        "UIName": "S Laser +",
        "Id": "Weapon_Laser_SmallLaser_1-Magna",
        "Name": "S Laser +",
        "Details": "Small Lasers deal superb damage for their weight and heat generation but have extremely limited range. Like all Lasers, Small Lasers enjoy a baseline accuracy bonus over other weapons.",
        "Icon": "uixSvgIcon_weapon_Support"
    },
    "BonusValueA": "+ 1 Acc.",
    "BonusValueB": "",
    "ComponentType": "Weapon",
    "ComponentSubType": "Weapon",
    "PrefabIdentifier": "Laser",
    "BattleValue": 0,
    "InventorySize": 1,
    "Tonnage": 0.5,
    "AllowedLocations": "All",
    "DisallowedLocations": "All",
    "StructureDamage": 0.0,
    "CriticalComponent": false,
    "statusEffects": [],
    "ComponentTags": {
        "items": [
            "component_type_variant",
            "component_type_variant1",
            "TechLevel_LowTech",
            "range_close"
        ],
        "tagSetSourceFile": ""
    },
    "ImprovedBallistic": true,
    "ColorChangeRule": "Linear",
    "ColorsTable": [
        {
            "C": "#9F000F",
            "I": 5
        }
    ],
    "ammoCategoryID": "NotSet"
}