{
    "Category": "Ballistic",
    "Type": "Autocannon",
    "WeaponSubType": "UAC10",
    "MinRange": 0,
    "MaxRange": 450,
    "RangeSplit": [
        300,
        300,
        450
    ],
    "AmmoCategory": "AC10",
    "StartingAmmoCapacity": 0,
    "HeatGenerated": 27.0,
    "Damage": 70.0,
    "OverheatedDamageMultiplier": 0,
    "EvasiveDamageMultiplier": 0,
    "EvasivePipsIgnored": 0,
    "DamageVariance": 0,
    "HeatDamage": 0.0,
    "AccuracyModifier": 0,
    "CriticalChanceMultiplier": 1.0,
    "AOECapable": false,
    "IndirectFireCapable": false,
    "RefireModifier": 6,
    "ShotsWhenFired": 2,
    "ProjectilesPerShot": 1,
    "AttackRecoil": 3,
    "Instability": 32.5,
    "WeaponEffectID": "WeaponEffect-Weapon_AC10_Ultra",
    "Description": {
        "Cost": 3200000,
        "Rarity": 7,
        "Purchasable": true,
        "Manufacturer": "Federated",
        "Model": "Heavy Autocannon",
        "UIName": "UAC/10 + +",
        "Id": "Weapon_Autocannon_UAC10_2-Federated",
        "Name": "UAC/10 + +",
        "Details": "Ultra AC/10s improve upon the already impressive capabilities of the standard models. Like all Ultra Autocannon weaponry, UAC/10s suffer from substantial recoil effects from firing and consume two ammo per attack.",
        "Icon": "uixSvgIcon_weapon_Ballistic"
    },
    "BonusValueA": "- 3 Heat",
    "BonusValueB": "+ 30% Stb.Dmg.",
    "ComponentType": "Weapon",
    "ComponentSubType": "Weapon",
    "PrefabIdentifier": "uac5",
    "InventorySize": 7,
    "Tonnage": 14.0,
    "AllowedLocations": "All",
    "DisallowedLocations": "All",
    "StructureDamage": 0.0,
    "CriticalComponent": false,
    "statusEffects": [],
    "ComponentTags": {
        "items": [
            "component_type_variant",
            "component_type_variant2",
            "TechLevel_MidTech",
            "range_long"
        ],
        "tagSetSourceFile": ""
    },
    "FireDelayMultiplier": 3,
    "ImprovedBallistic": true,
    "HitGenerator": "Individual"
}