{
    "Category": "AntiPersonnel",
    "Type": "Laser",
    "WeaponSubType": "SmallLaser",
    "MinRange": 0,
    "MaxRange": 90,
    "RangeSplit": [
        90,
        90,
        90
    ],
    "StartingAmmoCapacity": 0,
    "HeatGenerated": 8.0,
    "Damage": 14.0,
    "OverheatedDamageMultiplier": 0,
    "EvasiveDamageMultiplier": 0,
    "EvasivePipsIgnored": 0,
    "DamageVariance": 0,
    "HeatDamage": 0.5,
    "AccuracyModifier": 1,
    "CriticalChanceMultiplier": 1.0,
    "AOECapable": false,
    "IndirectFireCapable": false,
    "RefireModifier": 0,
    "ShotsWhenFired": 1,
    "ProjectilesPerShot": 1,
    "AttackRecoil": 0,
    "Instability": 0.0,
    "WeaponEffectID": "WeaponEffect-Weapon_Laser_Small",
    "Description": {
        "Cost": 1000,
        "Rarity": 0,
        "Purchasable": false,
        "Manufacturer": "Majesty Metals",
        "Model": "Small Laser",
        "UIName": "Mining Laser",
        "Id": "Weapon_Laser_SmallLaser_-1-MajestyMetals",
        "Name": "Mining Laser",
        "Details": "This mining laser is terrible as a combat weapon, but for extracting precious minerals from a planetary body it sure gets the job done!",
        "Icon": "uixSvgIcon_weapon_Support"
    },
    "BonusValueA": "- 1 Acc.",
    "BonusValueB": "+ 2 HeatGen",
    "ComponentType": "Weapon",
    "ComponentSubType": "Weapon",
    "PrefabIdentifier": "Laser",
    "BattleValue": 0,
    "InventorySize": 1,
    "Tonnage": 0.5,
    "AllowedLocations": "All",
    "DisallowedLocations": "All",
    "StructureDamage": 0.0,
    "CriticalComponent": false,
    "statusEffects": [],
    "ComponentTags": {
        "items": [
            "BLACKLISTED",
            "range_close"
        ],
        "tagSetSourceFile": ""
    },
    "ImprovedBallistic": true,
    "ColorChangeRule": "Linear",
    "ColorsTable": [
        {
            "C": "#9F000F",
            "I": 5
        }
    ],
    "ammoCategoryID": "NotSet"
}