{
    "Category": "Ballistic",
    "Type": "Autocannon",
    "WeaponSubType": "AC2",
    "MinRange": 120,
    "MaxRange": 720,
    "RangeSplit": [
        480,
        480,
        720
    ],
    "StartingAmmoCapacity": 0,
    "HeatGenerated": 3.0,
    "Damage": 13.0,
    "OverheatedDamageMultiplier": 0,
    "EvasiveDamageMultiplier": 0,
    "EvasivePipsIgnored": 1,
    "DamageVariance": 0,
    "HeatDamage": 0.0,
    "AccuracyModifier": 0,
    "CriticalChanceMultiplier": 1.0,
    "AOECapable": false,
    "IndirectFireCapable": false,
    "RefireModifier": 1,
    "ShotsWhenFired": 2,
    "ProjectilesPerShot": 1,
    "AttackRecoil": 1,
    "Instability": 1.0,
    "WeaponEffectID": "WeaponEffect-Weapon_AC2",
    "Description": {
        "Cost": 250000,
        "Rarity": 3,
        "Purchasable": true,
        "Manufacturer": "ZeusBolt",
        "Model": "Sniper Autocannon",
        "UIName": "AC/2 +",
        "Id": "Weapon_Autocannon_AC2_1-ZeusBolt",
        "Name": "AC/2 +",
        "Details": "Intended for use as supporting fire at very long range, AC/2s deal moderate damage with low heat and a large ammunition count per ton. Like all Autocannon weaponry, AC/2s suffer from recoil effects from continuous fire.",
        "Icon": "uixSvgIcon_weapon_Ballistic"
    },
    "BonusValueA": "+1 Ev.Pips.Ignored",
    "BonusValueB": "",
    "ComponentType": "Weapon",
    "ComponentSubType": "Weapon",
    "PrefabIdentifier": "AC2",
    "BattleValue": 0,
    "InventorySize": 1,
    "Tonnage": 3.5,
    "AllowedLocations": "All",
    "DisallowedLocations": "All",
    "StructureDamage": 0.0,
    "CriticalComponent": false,
    "statusEffects": [],
    "ComponentTags": {
        "items": [
            "component_type_variant",
            "component_type_variant1",
            "TechLevel_LowTech",
            "range_extreme"
        ],
        "tagSetSourceFile": ""
    },
    "FireDelayMultiplier": 1,
    "ImprovedBallistic": true,
    "HitGenerator": "Individual",
    "ammoCategoryID": "AC2"
}