{
    "Category": "Energy",
    "Type": "Laser",
    "WeaponSubType": "MediumLaser",
    "MinRange": 0,
    "MaxRange": 315,
    "RangeSplit": [
        240,
        240,
        330
    ],
    "StartingAmmoCapacity": 0,
    "HeatGenerated": 10.0,
    "Damage": 19.5,
    "OverheatedDamageMultiplier": 0,
    "EvasiveDamageMultiplier": 0,
    "EvasivePipsIgnored": 0,
    "DamageVariance": 0,
    "HeatDamage": 1.0,
    "AccuracyModifier": 0,
    "CriticalChanceMultiplier": 1.0,
    "AOECapable": false,
    "IndirectFireCapable": false,
    "RefireModifier": 0,
    "ShotsWhenFired": 1,
    "ProjectilesPerShot": 1,
    "AttackRecoil": 1,
    "Instability": 0.0,
    "WeaponEffectID": "WeaponEffect-Weapon_Laser_Medium",
    "Description": {
        "Cost": 600000,
        "Rarity": 5,
        "Purchasable": true,
        "Manufacturer": "ExoStar",
        "Model": "Medium Laser",
        "UIName": "M Laser + +",
        "Id": "Weapon_Laser_MediumLaser_2-ExoStar",
        "Name": "M Laser + +",
        "Details": "Medium Lasers are lightweight with respectable damage. Because of this, at least one can be found mounted on most units that cross the battlefield. Like all Lasers, Medium Lasers enjoy a baseline accuracy bonus over other weapons.",
        "Icon": "uixSvgIcon_weapon_Energy"
    },
    "BonusValueA": "+ 60 Range",
    "BonusValueB": "- 0.5 Dmg.",
    "ComponentType": "Weapon",
    "ComponentSubType": "Weapon",
    "PrefabIdentifier": "Laser",
    "BattleValue": 0,
    "InventorySize": 1,
    "Tonnage": 1.0,
    "AllowedLocations": "All",
    "DisallowedLocations": "All",
    "StructureDamage": 0.0,
    "CriticalComponent": false,
    "statusEffects": [],
    "ComponentTags": {
        "items": [
            "component_type_variant",
            "component_type_variant2",
            "TechLevel_LowTech",
            "range_standard"
        ],
        "tagSetSourceFile": ""
    },
    "ammoCategoryID": "NotSet"
}
