{
    "Category": "Energy",
    "Type": "Laser",
    "WeaponSubType": "LargeLaser",
    "MinRange": 0,
    "MaxRange": 450,
    "RangeSplit": [
        300,
        300,
        450
    ],
    "StartingAmmoCapacity": 0,
    "HeatGenerated": 22.0,
    "Damage": 45.0,
    "OverheatedDamageMultiplier": 0,
    "EvasiveDamageMultiplier": 0,
    "EvasivePipsIgnored": 0,
    "DamageVariance": 0,
    "HeatDamage": 2.0,
    "AccuracyModifier": 0,
    "CriticalChanceMultiplier": 1.0,
    "AOECapable": false,
    "IndirectFireCapable": false,
    "RefireModifier": -2,
    "ShotsWhenFired": 1,
    "ProjectilesPerShot": 1,
    "AttackRecoil": 1,
    "Instability": 0.0,
    "WeaponEffectID": "WeaponEffect-Weapon_Laser_Large",
    "Description": {
        "Cost": 700000,
        "Rarity": 3,
        "Purchasable": true,
        "Manufacturer": "Omicron",
        "Model": "Large Laser",
        "UIName": "L Laser +",
        "Id": "Weapon_Laser_LargeLaser_1-Omicron",
        "Name": "L Laser +",
        "Details": "Large Lasers exhibit a powerful combination of damage, range, and compactness but generate a substantial amount of heat. Like all Lasers, Large Lasers enjoy a baseline accuracy bonus over other weapons. Modifications to the laser tracking systems allow consecutive shots to be fired with improved accuracy.",
        "Icon": "uixSvgIcon_weapon_Energy"
    },
    "BonusValueA": "+ 2 Refire",
    "BonusValueB": "",
    "ComponentType": "Weapon",
    "ComponentSubType": "Weapon",
    "PrefabIdentifier": "Laser",
    "BattleValue": 0,
    "InventorySize": 2,
    "Tonnage": 3.75,
    "AllowedLocations": "All",
    "DisallowedLocations": "All",
    "StructureDamage": 0.0,
    "CriticalComponent": false,
    "statusEffects": [],
    "ComponentTags": {
        "items": [
            "component_type_variant",
            "component_type_variant1",
            "TechLevel_LowTech",
            "range_long"
        ],
        "tagSetSourceFile": ""
    },
    "ImprovedBallistic": true,
    "ColorChangeRule": "Linear",
    "ColorsTable": [
        {
            "C": "#1569C7",
            "I": 5
        }
    ],
    "ammoCategoryID": "NotSet"
}
