{
    "Custom": {
        "ComponentExplosion": {
            "ExplosionDamage": 10
        }
    },
    "Category": "Energy",
    "Type": "COIL",
    "WeaponSubType": "COILM",
    "MinRange": 0,
    "MaxRange": 270,
    "RangeSplit": [
        180,
        180,
        270
    ],
    "AmmoCategory": "NotSet",
    "StartingAmmoCapacity": 0,
    "HeatGenerated": 4.0,
    "Damage": 10.0,
    "OverheatedDamageMultiplier": 0,
    "EvasiveDamageMultiplier": 0,
    "EvasivePipsIgnored": 0,
    "DamageVariance": 0,
    "HeatDamage": 0.375,
    "AccuracyModifier": -2,
    "CriticalChanceMultiplier": 1.25,
    "AOECapable": false,
    "IndirectFireCapable": false,
    "RefireModifier": 0,
    "ShotsWhenFired": 1,
    "ProjectilesPerShot": 1,
    "AttackRecoil": 4,
    "Instability": 0.0,
    "WeaponEffectID": "WeaponEffect-Weapon_COILS",
    "Description": {
        "Cost": 200000,
        "Rarity": 2,
        "Purchasable": true,
        "Manufacturer": "Herakleion",
        "Model": "Medium COIL Beam",
        "UIName": "COIL-M",
        "Id": "Weapon_COIL_COIL-M_0-STOCK",
        "Name": "COIL-M",
        "Details": "The Contained Overflow Inertia Linkage (COIL) system of beam weaponry translates energy normally lost from motion into a kinetic battery for rapid release. In practical terms, this means that the farther a unit moves in a turn (tracked as EVASIVE charges), the more damage it can dish out with its COIL attack, and the more Heat it generates.\n\nCOIL weapons will explode if destroyed, devastating the installed location. The COIL-M generates the midline attack output of these weapon types.",
        "Icon": "uixSvgIcon_weapon_Energy"
    },
    "BonusValueA": "X Shots Per Evas.",
    "BonusValueB": "",
    "ComponentType": "Weapon",
    "ComponentSubType": "Weapon",
    "PrefabIdentifier": "Laser",
    "BattleValue": 0,
    "InventorySize": 6,
    "Tonnage": 2.0,
    "AllowedLocations": "All",
    "DisallowedLocations": "All",
    "StructureDamage": 0.0,
    "CriticalComponent": false,
    "statusEffects": [],
    "ComponentTags": {
        "items": [
            "component_type_stock",
            "range_standard",
            "TechLevel_MidTech"
        ],
        "tagSetSourceFile": ""
    },
    "FireDelayMultiplier": 1,
    "ImprovedBallistic": true,
    "ProjectileSpeedMultiplier": 1,
    "ColorChangeRule": "None",
    "HitGenerator": "Streak",
    "ColorsTable": [
        {
            "C": "#008080",
            "I": 5
        }
    ],
    "additionalData": [
        {
            "statName": "EvasiveExponent",
            "statValue": "1.0",
            "statType": "System.Single"
        },
        {
            "statName": "HeatDivisor",
            "statValue": "2.5",
            "statType": "System.Single"
        }
    ]
}