{
    "Category": "Ballistic",
    "Type": "Autocannon",
    "WeaponSubType": "LB20X",
    "MinRange": 0,
    "MaxRange": 270,
    "RangeSplit": [
        180,
        180,
        270
    ],
    "StartingAmmoCapacity": 0,
    "HeatGenerated": 21.0,
    "Damage": 168.0,
    "OverheatedDamageMultiplier": 0,
    "EvasiveDamageMultiplier": 0,
    "EvasivePipsIgnored": 0,
    "DamageVariance": 0,
    "HeatDamage": 0.0,
    "AccuracyModifier": 0,
    "CriticalChanceMultiplier": 1.5,
    "AOECapable": false,
    "IndirectFireCapable": false,
    "RefireModifier": 2,
    "ShotsWhenFired": 1,
    "ProjectilesPerShot": 14,
    "AttackRecoil": 4,
    "Instability": 71.5,
    "WeaponEffectID": "WeaponEffect-Weapon_LB20X",
    "Description": {
        "Cost": 2400000,
        "Rarity": 7,
        "Purchasable": true,
        "Manufacturer": "Shengli Arms",
        "Model": "Shredder Cluster Cannon",
        "UIName": "LB 20-X + +",
        "Id": "Weapon_Autocannon_LB20X_2-Shengli_Arms",
        "Name": "LB 20-X + +",
        "Details": "Delivering massive cluster rounds of stability damage with each volley, the LB 20-X smashes its opponents into the ground at short range and strips armor away in hunks. Like all LB-X Autocannons, the LB 20-X fires cluster munitions and suffers recoil from continuous fire.<color=#ffcc00><b>\r\n\r\n-Each shot breaks into 13 separate projectiles.\r\n-Projectiles either all hit or all miss.\r\n-Projectiles do 11 damage each.</b></color>",
        "Icon": "uixSvgIcon_weapon_Ballistic"
    },
    "BonusValueA": "+ 6.5 Stb.Dmg.",
    "BonusValueB": "+ 25 Crit.",
    "ComponentType": "Weapon",
    "ComponentSubType": "Weapon",
    "PrefabIdentifier": "lbx10",
    "InventorySize": 11,
    "Tonnage": 14.5,
    "AllowedLocations": "All",
    "DisallowedLocations": "All",
    "StructureDamage": 0.0,
    "CriticalComponent": false,
    "statusEffects": [],
    "ComponentTags": {
        "items": [
            "component_type_variant",
            "component_type_variant2",
            "TechLevel_HighTech",
            "range_standard"
        ],
        "tagSetSourceFile": ""
    },
    "ImprovedBallistic": true,
    "DamageNotDivided": false,
    "HasShells": false,
    "VolleyDivisor": 1,
    "HitGenerator": "Cluster",
    "BallisticDamagePerPallet": true,
    "ammoCategoryID": "LB20X"
}