{
    "Category": "Missile",
    "Type": "SRM",
    "WeaponSubType": "SRM2",
    "MinRange": 0,
    "MaxRange": 300,
    "RangeSplit": [
        210,
        210,
        300
    ],
    "StartingAmmoCapacity": 0,
    "HeatGenerated": 4.0,
    "Damage": 8.0,
    "OverheatedDamageMultiplier": 0,
    "EvasiveDamageMultiplier": 0,
    "EvasivePipsIgnored": 0,
    "DamageVariance": 0,
    "HeatDamage": 0.0,
    "AccuracyModifier": 0,
    "CriticalChanceMultiplier": 1.0,
    "AOECapable": false,
    "IndirectFireCapable": false,
    "RefireModifier": 0,
    "ShotsWhenFired": 2,
    "ProjectilesPerShot": 1,
    "AttackRecoil": 1,
    "Instability": 3.0,
    "WeaponEffectID": "WeaponEffect-Weapon_SRM2",
    "Description": {
        "Cost": 100000,
        "Rarity": 3,
        "Purchasable": true,
        "Manufacturer": "Coventry",
        "Model": "Short-Range Missile Launcher",
        "UIName": "SRM2 +",
        "Id": "Weapon_SRM_SRM2_1-Coventry",
        "Name": "SRM2 +",
        "Details": "A tiny rack of Short-Range Missiles, SRM2s deal little damage but also cost almost nothing in the way of weight, space, heat, or ammunition consumption. As for all SRMs, SRM2 shots deal above-average stability impact per hit compared to other weapons.",
        "Icon": "uixSvgIcon_weapon_Missile"
    },
    "BonusValueA": "+ 30 Range",
    "BonusValueB": "",
    "ComponentType": "Weapon",
    "ComponentSubType": "Weapon",
    "PrefabIdentifier": "srm2",
    "BattleValue": 0,
    "InventorySize": 1,
    "Tonnage": 1.0,
    "AllowedLocations": "All",
    "DisallowedLocations": "All",
    "StructureDamage": 0.0,
    "CriticalComponent": false,
    "statusEffects": [],
    "ComponentTags": {
        "items": [
            "component_type_variant",
            "component_type_variant1",
            "TechLevel_LowTech",
            "range_standard"
        ],
        "tagSetSourceFile": ""
    },
    "ammoCategoryID": "SRM"
}