{
    "Custom": {
        "ComponentExplosion": {
            "ExplosionDamage": 10
        },
        "BonusDescriptions": {
            "Bonuses": [
                "GaussDamage: 7",
                "ThroughArmorDamage: 2.5",
                "WillExplode: 10"
            ]
        }
    },
    "Category": "Ballistic",
    "Type": "Gauss",
    "WeaponSubType": "Gauss",
    "MinRange": 180,
    "MaxRange": 660,
    "RangeSplit": [
        360,
        360,
        660
    ],
    "StartingAmmoCapacity": 0,
    "HeatGenerated": 3.0,
    "Damage": 80.0,
    "OverheatedDamageMultiplier": 0,
    "EvasiveDamageMultiplier": 0,
    "EvasivePipsIgnored": 0,
    "DamageVariance": 0,
    "HeatDamage": 0.0,
    "AccuracyModifier": 0,
    "CriticalChanceMultiplier": 0.75,
    "AOECapable": false,
    "IndirectFireCapable": false,
    "RefireModifier": 0,
    "ShotsWhenFired": 1,
    "ProjectilesPerShot": 1,
    "AttackRecoil": 4,
    "Instability": 25.0,
    "WeaponEffectID": "WeaponEffect-Weapon_GaussRifle",
    "Description": {
        "Cost": 4000000,
        "Rarity": 7,
        "Purchasable": true,
        "Manufacturer": "SCI",
        "Model": "Magnetic Cannon",
        "UIName": "Gauss Rifle + +",
        "Id": "Weapon_Gauss_Gauss_2-M9",
        "Name": "Gauss Rifle + +",
        "Details": "A Gauss Rifle uses electromagnetic charges to accelerate metallic rounds at extremely high speed, dealing massive damage by kinetic force alone and bypassing a small amount of armor entirely. Unlike Autocannons, Gauss Rifles do not suffer recoil effects from firing and have a baseline bonus to accuracy.\n\nGauss Rifles explode if destroyed, taking the entire mounted location with them.",
        "Icon": "uixSvgIcon_weapon_Ballistic"
    },
    "BonusValueA": "+5 Dmg.",
    "BonusValueB": "+2.5 Str.Dmg.",
    "ComponentType": "Weapon",
    "ComponentSubType": "Weapon",
    "PrefabIdentifier": "Gauss",
    "BattleValue": 0,
    "InventorySize": 7,
    "Tonnage": 13.0,
    "AllowedLocations": "All",
    "DisallowedLocations": "All",
    "StructureDamage": 7.5,
    "CriticalComponent": false,
    "statusEffects": [],
    "ComponentTags": {
        "items": [
            "component_type_variant",
            "component_type_variant2",
            "TechLevel_HighTech",
            "range_extreme"
        ],
        "tagSetSourceFile": ""
    },
    "ammoCategoryID": "GAUSS"
}