{
    "Category": "Ballistic",
    "Type": "Autocannon",
    "WeaponSubType": "AC20",
    "MinRange": 0,
    "MaxRange": 270,
    "RangeSplit": [
        180,
        180,
        270
    ],
    "StartingAmmoCapacity": 0,
    "HeatGenerated": 21.0,
    "Damage": 100.0,
    "OverheatedDamageMultiplier": 0,
    "EvasiveDamageMultiplier": 0,
    "EvasivePipsIgnored": 0,
    "DamageVariance": 0,
    "HeatDamage": 0.0,
    "AccuracyModifier": 0,
    "CriticalChanceMultiplier": 1.0,
    "AOECapable": false,
    "IndirectFireCapable": false,
    "RefireModifier": 2,
    "ShotsWhenFired": 1,
    "ProjectilesPerShot": 1,
    "AttackRecoil": 4,
    "Instability": 45.0,
    "WeaponEffectID": "WeaponEffect-Weapon_AC20_Single",
    "Description": {
        "Cost": 180000,
        "Rarity": 2,
        "Purchasable": true,
        "Manufacturer": "Kali Yama",
        "Model": "King Crab Autocannon",
        "UIName": "AC/20 -KGC",
        "Id": "Weapon_Autocannon_AC20_0-KGC",
        "Name": "AC/20 -KGC",
        "Details": "This slightly shorter-barrelled AC/20 was designed to fit inside the claws of the King Crab.",
        "Icon": "uixSvgIcon_weapon_Ballistic"
    },
    "BonusValueA": "- 1 Crit Slot",
    "BonusValueB": "- 5 Stb.Dmg.",
    "ComponentType": "Weapon",
    "ComponentSubType": "Weapon",
    "PrefabIdentifier": "AC20",
    "BattleValue": 0,
    "InventorySize": 8,
    "Tonnage": 13.0,
    "AllowedLocations": "All",
    "DisallowedLocations": "All",
    "StructureDamage": 0.0,
    "CriticalComponent": false,
    "statusEffects": [],
    "ComponentTags": {
        "items": [
            "component_type_stock",
            "range_standard",
            "TechLevel_LowTech"
        ],
        "tagSetSourceFile": ""
    },
    "FireDelayMultiplier": 1,
    "ImprovedBallistic": true,
    "HitGenerator": "Individual",
    "ammoCategoryID": "AC20"
}