{
    "Category": "Ballistic",
    "Type": "Autocannon",
    "WeaponSubType": "UAC20",
    "MinRange": 0,
    "MaxRange": 270,
    "RangeSplit": [
        180,
        180,
        270
    ],
    "AmmoCategory": "AC20",
    "StartingAmmoCapacity": 0,
    "HeatGenerated": 46.0,
    "Damage": 100.0,
    "OverheatedDamageMultiplier": 0,
    "EvasiveDamageMultiplier": 0,
    "EvasivePipsIgnored": 0,
    "DamageVariance": 0,
    "HeatDamage": 0.0,
    "AccuracyModifier": 0,
    "CriticalChanceMultiplier": 1.0,
    "AOECapable": false,
    "IndirectFireCapable": false,
    "RefireModifier": 8,
    "ShotsWhenFired": 2,
    "ProjectilesPerShot": 1,
    "AttackRecoil": 4,
    "Instability": 50.0,
    "WeaponEffectID": "WeaponEffect-Weapon_AC20_Ultra",
    "Description": {
        "Cost": 1850000,
        "Rarity": 5,
        "Purchasable": true,
        "Manufacturer": "Kali Yama",
        "Model": "Shredder Autocannon",
        "UIName": "UAC/20 +",
        "Id": "Weapon_Autocannon_UAC20_1-Kali_Yama",
        "Name": "UAC/20 +",
        "Details": "Delivering unparalleled damage output, Ultra AC/20s issue nightmarish volleys of devastation. Like all Ultra Autocannon weaponry, UAC/20s suffer from substantial recoil effects from firing and consume two ammo per attack.",
        "Icon": "uixSvgIcon_weapon_Ballistic"
    },
    "BonusValueA": "- 4 Heat",
    "BonusValueB": "",
    "ComponentType": "Weapon",
    "ComponentSubType": "Weapon",
    "PrefabIdentifier": "uac5",
    "InventorySize": 10,
    "Tonnage": 18.0,
    "AllowedLocations": "All",
    "DisallowedLocations": "All",
    "StructureDamage": 0.0,
    "CriticalComponent": false,
    "statusEffects": [],
    "ComponentTags": {
        "items": [
            "component_type_variant",
            "component_type_variant1",
            "TechLevel_MidTech",
            "range_standard"
        ],
        "tagSetSourceFile": ""
    },
    "FireDelayMultiplier": 3,
    "ImprovedBallistic": true,
    "HitGenerator": "Individual"
}