{
    "Category": "Ballistic",
    "Type": "Autocannon",
    "WeaponSubType": "LB2X",
    "MinRange": 120,
    "MaxRange": 720,
    "RangeSplit": [
        480,
        480,
        720
    ],
    "AmmoCategory": "LB2X",
    "StartingAmmoCapacity": 0,
    "HeatGenerated": 5.0,
    "Damage": 40.0,
    "OverheatedDamageMultiplier": 0,
    "EvasiveDamageMultiplier": 0,
    "EvasivePipsIgnored": 0,
    "DamageVariance": 0,
    "HeatDamage": 0.0,
    "AccuracyModifier": 0,
    "CriticalChanceMultiplier": 1.25,
    "AOECapable": false,
    "IndirectFireCapable": false,
    "RefireModifier": 1,
    "ShotsWhenFired": 1,
    "ProjectilesPerShot": 10,
    "AttackRecoil": 1,
    "Instability": 10.0,
    "WeaponEffectID": "WeaponEffect-Weapon_LB2X",
    "Description": {
        "Cost": 150000,
        "Rarity": 2,
        "Purchasable": true,
        "Manufacturer": "Defiance",
        "Model": "Long-Range Cluster Cannon",
        "UIName": "LB 2-X",
        "Id": "Weapon_Autocannon_LB2X_0-STOCK",
        "Name": "LB 2-X",
        "Details": "Paradoxically a \"long-range shotgun\", the LB 2-X is ideal for delivering Critical Hits from afar or peppering away light armor. Like all LB-X Autocannons, the LB 2-X fires cluster munitions and suffers recoil from continuous fire.<color=#ffcc00><b>\r\n\r\n-Each shot breaks into 10 separate projectiles.\r\n-Projectiles either all hit or all miss.\r\n-Projectiles do 4 damage each.</b></color>",
        "Icon": "uixSvgIcon_weapon_Ballistic"
    },
    "BonusValueA": "",
    "BonusValueB": "",
    "ComponentType": "Weapon",
    "ComponentSubType": "Weapon",
    "PrefabIdentifier": "lbx10",
    "InventorySize": 4,
    "Tonnage": 4.0,
    "AllowedLocations": "All",
    "DisallowedLocations": "All",
    "StructureDamage": 0.0,
    "CriticalComponent": false,
    "statusEffects": [],
    "ComponentTags": {
        "items": [
            "component_type_stock",
            "range_extreme",
            "TechLevel_HighTech"
        ],
        "tagSetSourceFile": ""
    },
    "ImprovedBallistic": true,
    "DamageNotDivided": false,
    "HasShells": false,
    "VolleyDivisor": 1,
    "HitGenerator": "Cluster",
    "BallisticDamagePerPallet": true,
    "ammoCategoryID": "LB2X"
}